2026-06-23T06:56:53 [WARN] Failed to read state file, falling back to session entries: Unexpected token 'o', "not valid json{{{" is not valid JSON
2026-06-23T06:56:53 [WARN] Failed to determine git ref in C:\Users\user\AppData\Local\Temp\wfm-test-wMAisA: Command failed: git branch --show-current
2026-06-23T06:56:53 [WARN] Failed to determine git ref in C:\Users\user\AppData\Local\Temp\wfm-test-aKAunA: Command failed: git branch --show-current
2026-06-23T06:56:53 [WARN] Failed to determine git ref in C:\Users\user\AppData\Local\Temp\wfm-test-ukJVUG: Command failed: git branch --show-current
2026-06-23T06:56:55 [WARN] Failed to determine git ref in D:\project\pipowers: not a repo
2026-06-23T06:56:55 [WARN] Failed to determine git ref in C:\Users\user\AppData\Local\Temp\wfm-test-bW4lZA: Command failed: git branch --show-current
2026-06-23T06:56:55 [WARN] Failed to determine git ref in C:\Users\user\AppData\Local\Temp\wfm-test-A4gfcO: Command failed: git branch --show-current
2026-06-23T06:56:55 [WARN] Failed to determine git ref in C:\Users\user\AppData\Local\Temp\wfm-test-ShIDvn: Command failed: git branch --show-current
2026-06-23T06:56:55 [WARN] Failed to determine git ref in C:\Users\user\AppData\Local\Temp\wfm-test-0w8tTt: Command failed: git branch --show-current
2026-06-23T06:56:55 [WARN] Failed to determine git ref in C:\Users\user\AppData\Local\Temp\wfm-test-On7Obg: Command failed: git branch --show-current
2026-06-23T06:56:55 [WARN] Failed to determine git ref in C:\Users\user\AppData\Local\Temp\wfm-test-KEFm8s: Command failed: git branch --show-current
2026-06-23T06:57:00 [WARN] Failed to load reference "tdd-rationalizations" from D:\project\pipowers\skills\test-driven-development\reference\rationalizations.md: ENOENT: no such file or directory, open 'D:\project\pipowers\skills\test-driven-development\reference\rationalizations.md'
2026-06-23T06:57:00 [WARN] Failed to load reference "tdd-anti-patterns" from D:\project\pipowers\skills\test-driven-development\testing-anti-patterns.md: ENOENT: no such file or directory, open 'D:\project\pipowers\skills\test-driven-development\testing-anti-patterns.md'
2026-06-23T06:57:00 [WARN] Failed to load reference "tdd-examples" from D:\project\pipowers\skills\test-driven-development\reference\examples.md: ENOENT: no such file or directory, open 'D:\project\pipowers\skills\test-driven-development\reference\examples.md'
2026-06-23T06:57:00 [WARN] Failed to load reference "tdd-when-stuck" from D:\project\pipowers\skills\test-driven-development\reference\when-stuck.md: ENOENT: no such file or directory, open 'D:\project\pipowers\skills\test-driven-development\reference\when-stuck.md'
2026-06-23T06:57:00 [WARN] Failed to load reference "debug-rationalizations" from D:\project\pipowers\skills\systematic-debugging\reference\rationalizations.md: ENOENT: no such file or directory, open 'D:\project\pipowers\skills\systematic-debugging\reference\rationalizations.md'
2026-06-23T06:57:00 [WARN] Failed to load reference "debug-tracing" from D:\project\pipowers\skills\systematic-debugging\root-cause-tracing.md: ENOENT: no such file or directory, open 'D:\project\pipowers\skills\systematic-debugging\root-cause-tracing.md'
2026-06-23T06:57:00 [WARN] Failed to load reference "debug-defense-in-depth" from D:\project\pipowers\skills\systematic-debugging\defense-in-depth.md: ENOENT: no such file or directory, open 'D:\project\pipowers\skills\systematic-debugging\defense-in-depth.md'
2026-06-23T06:57:00 [WARN] Failed to load reference "debug-condition-waiting" from D:\project\pipowers\skills\systematic-debugging\condition-based-waiting.md: ENOENT: no such file or directory, open 'D:\project\pipowers\skills\systematic-debugging\condition-based-waiting.md'
2026-06-23T06:57:02 [WARN] Failed to determine git ref in C:\Users\user\AppData\Local\Temp\wfm-test-GyEPC5: Command failed: git branch --show-current
2026-06-23T06:57:03 [WARN] Failed to determine git ref in D:\project\pipowers: not a git repo
2026-06-23T06:57:11 [WARN] Failed to load reference "tdd-rationalizations" from D:\project\pipowers\skills\test-driven-development\reference\rationalizations.md: ENOENT: no such file or directory, open 'D:\project\pipowers\skills\test-driven-development\reference\rationalizations.md'
2026-06-23T06:57:11 [WARN] Failed to load reference "tdd-anti-patterns" from D:\project\pipowers\skills\test-driven-development\testing-anti-patterns.md: ENOENT: no such file or directory, open 'D:\project\pipowers\skills\test-driven-development\testing-anti-patterns.md'
2026-06-23T06:57:11 [WARN] Failed to load reference "tdd-examples" from D:\project\pipowers\skills\test-driven-development\reference\examples.md: ENOENT: no such file or directory, open 'D:\project\pipowers\skills\test-driven-development\reference\examples.md'
2026-06-23T06:57:11 [WARN] Failed to load reference "tdd-when-stuck" from D:\project\pipowers\skills\test-driven-development\reference\when-stuck.md: ENOENT: no such file or directory, open 'D:\project\pipowers\skills\test-driven-development\reference\when-stuck.md'
2026-06-23T06:57:11 [WARN] Failed to load reference "debug-rationalizations" from D:\project\pipowers\skills\systematic-debugging\reference\rationalizations.md: ENOENT: no such file or directory, open 'D:\project\pipowers\skills\systematic-debugging\reference\rationalizations.md'
2026-06-23T06:57:11 [WARN] Failed to load reference "debug-tracing" from D:\project\pipowers\skills\systematic-debugging\root-cause-tracing.md: ENOENT: no such file or directory, open 'D:\project\pipowers\skills\systematic-debugging\root-cause-tracing.md'
2026-06-23T06:57:11 [WARN] Failed to load reference "debug-defense-in-depth" from D:\project\pipowers\skills\systematic-debugging\defense-in-depth.md: ENOENT: no such file or directory, open 'D:\project\pipowers\skills\systematic-debugging\defense-in-depth.md'
2026-06-23T06:57:11 [WARN] Failed to load reference "debug-condition-waiting" from D:\project\pipowers\skills\systematic-debugging\condition-based-waiting.md: ENOENT: no such file or directory, open 'D:\project\pipowers\skills\systematic-debugging\condition-based-waiting.md'
2026-06-23T06:57:13 [WARN] Failed to read state file, falling back to session entries: Unexpected token 'o', "not valid json{{{" is not valid JSON
2026-06-23T06:57:13 [WARN] Failed to determine git ref in C:\Users\user\AppData\Local\Temp\wfm-test-eJEth5: Command failed: git branch --show-current
2026-06-23T06:57:16 [WARN] Failed to determine git ref in C:\Users\user\AppData\Local\Temp\wfm-test-eW7mXA: Command failed: git branch --show-current
2026-06-23T06:57:16 [WARN] Failed to determine git ref in C:\Users\user\AppData\Local\Temp\wfm-test-1oRXNa: Command failed: git branch --show-current
2026-06-23T06:57:16 [WARN] Failed to determine git ref in C:\Users\user\AppData\Local\Temp\wfm-test-Modar1: Command failed: git branch --show-current
2026-06-23T06:57:16 [WARN] Failed to determine git ref in C:\Users\user\AppData\Local\Temp\wfm-test-yU2UAN: Command failed: git branch --show-current
2026-06-23T06:57:16 [WARN] Failed to determine git ref in C:\Users\user\AppData\Local\Temp\wfm-test-vgr88G: Command failed: git branch --show-current
2026-06-23T06:57:16 [WARN] Failed to determine git ref in C:\Users\user\AppData\Local\Temp\wfm-test-C1ePtt: Command failed: git branch --show-current
2026-06-23T06:57:16 [WARN] Failed to determine git ref in C:\Users\user\AppData\Local\Temp\wfm-test-z2SETB: Command failed: git branch --show-current
2026-06-23T06:57:18 [WARN] Failed to determine git ref in C:\Users\user\AppData\Local\Temp\wfm-test-RvAMek: Command failed: git branch --show-current
2026-06-23T06:57:20 [WARN] Failed to determine git ref in C:\Users\user\AppData\Local\Temp\wfm-test-6PigIU: Command failed: git branch --show-current
2026-06-23T06:57:21 [WARN] Failed to determine git ref in D:\project\pipowers: not a repo
2026-06-23T06:57:23 [WARN] Failed to determine git ref in D:\project\pipowers: not a git repo
2026-06-23T07:04:47 [ERROR] Failed to parse C:\Users\user\AppData\Local\Temp\pipowers-home-8RFd8f\.pi\agent\pipowers.toml: Invalid TOML document: only letter, numbers, dashes and underscores are allowed in keys

1:  this is = not valid toml [[[
    ^
. Using defaults.
2026-06-23T07:04:52 [ERROR] Failed to parse C:\Users\user\AppData\Local\Temp\pipowers-home-egPnSX\.pi\agent\pipowers.toml: Invalid TOML document: only letter, numbers, dashes and underscores are allowed in keys

1:  this is = not valid toml [[[
    ^
. Using defaults.
2026-06-23T07:05:27 [ERROR] Failed to parse C:\Users\user\AppData\Local\Temp\pipowers-home-HfRJPK\.pi\agent\pipowers.toml: Invalid TOML document: only letter, numbers, dashes and underscores are allowed in keys

1:  this is = not valid toml [[[
    ^
. Using defaults.
2026-06-23T07:05:32 [ERROR] Failed to parse C:\Users\user\AppData\Local\Temp\pipowers-home-iLkF6v\.pi\agent\pipowers.toml: Invalid TOML document: only letter, numbers, dashes and underscores are allowed in keys

1:  this is = not valid toml [[[
    ^
. Using defaults.
2026-06-23T07:05:37 [WARN] Failed to load reference "tdd-rationalizations" from D:\project\pipowers\skills\test-driven-development\reference\rationalizations.md: ENOENT: no such file or directory, open 'D:\project\pipowers\skills\test-driven-development\reference\rationalizations.md'
2026-06-23T07:05:37 [WARN] Failed to load reference "tdd-anti-patterns" from D:\project\pipowers\skills\test-driven-development\testing-anti-patterns.md: ENOENT: no such file or directory, open 'D:\project\pipowers\skills\test-driven-development\testing-anti-patterns.md'
2026-06-23T07:05:37 [WARN] Failed to load reference "tdd-examples" from D:\project\pipowers\skills\test-driven-development\reference\examples.md: ENOENT: no such file or directory, open 'D:\project\pipowers\skills\test-driven-development\reference\examples.md'
2026-06-23T07:05:37 [WARN] Failed to load reference "tdd-when-stuck" from D:\project\pipowers\skills\test-driven-development\reference\when-stuck.md: ENOENT: no such file or directory, open 'D:\project\pipowers\skills\test-driven-development\reference\when-stuck.md'
2026-06-23T07:05:37 [WARN] Failed to load reference "debug-rationalizations" from D:\project\pipowers\skills\systematic-debugging\reference\rationalizations.md: ENOENT: no such file or directory, open 'D:\project\pipowers\skills\systematic-debugging\reference\rationalizations.md'
2026-06-23T07:05:37 [WARN] Failed to load reference "debug-tracing" from D:\project\pipowers\skills\systematic-debugging\root-cause-tracing.md: ENOENT: no such file or directory, open 'D:\project\pipowers\skills\systematic-debugging\root-cause-tracing.md'
2026-06-23T07:05:37 [WARN] Failed to load reference "debug-defense-in-depth" from D:\project\pipowers\skills\systematic-debugging\defense-in-depth.md: ENOENT: no such file or directory, open 'D:\project\pipowers\skills\systematic-debugging\defense-in-depth.md'
2026-06-23T07:05:37 [WARN] Failed to load reference "debug-condition-waiting" from D:\project\pipowers\skills\systematic-debugging\condition-based-waiting.md: ENOENT: no such file or directory, open 'D:\project\pipowers\skills\systematic-debugging\condition-based-waiting.md'
2026-06-23T07:05:39 [WARN] Failed to read state file, falling back to session entries: Unexpected token 'o', "not valid json{{{" is not valid JSON
2026-06-23T07:05:40 [WARN] Failed to determine git ref in C:\Users\user\AppData\Local\Temp\wfm-test-M2DT3D: Command failed: git branch --show-current
2026-06-23T07:05:42 [WARN] Failed to determine git ref in C:\Users\user\AppData\Local\Temp\wfm-test-PYiMdw: Command failed: git branch --show-current
2026-06-23T07:05:42 [WARN] Failed to determine git ref in C:\Users\user\AppData\Local\Temp\wfm-test-jn66sP: Command failed: git branch --show-current
2026-06-23T07:05:42 [WARN] Failed to determine git ref in C:\Users\user\AppData\Local\Temp\wfm-test-xzsvQa: Command failed: git branch --show-current
2026-06-23T07:05:42 [WARN] Failed to determine git ref in C:\Users\user\AppData\Local\Temp\wfm-test-lgThKN: Command failed: git branch --show-current
2026-06-23T07:05:42 [WARN] Failed to determine git ref in C:\Users\user\AppData\Local\Temp\wfm-test-3qKKN4: Command failed: git branch --show-current
2026-06-23T07:05:42 [WARN] Failed to determine git ref in C:\Users\user\AppData\Local\Temp\wfm-test-YEzOdl: Command failed: git branch --show-current
2026-06-23T07:05:42 [WARN] Failed to determine git ref in C:\Users\user\AppData\Local\Temp\wfm-test-4YJEhM: Command failed: git branch --show-current
2026-06-23T07:05:44 [WARN] Failed to determine git ref in C:\Users\user\AppData\Local\Temp\wfm-test-d5cGZO: Command failed: git branch --show-current
2026-06-23T07:05:46 [ERROR] Failed to parse C:\Users\user\AppData\Local\Temp\pipowers-home-N7IRch\.pi\agent\pipowers.toml: Invalid TOML document: only letter, numbers, dashes and underscores are allowed in keys

1:  this is = not valid toml [[[
    ^
. Using defaults.
2026-06-23T07:05:47 [WARN] Failed to determine git ref in C:\Users\user\AppData\Local\Temp\wfm-test-tWTLPo: Command failed: git branch --show-current
2026-06-23T07:05:47 [WARN] Failed to determine git ref in D:\project\pipowers: not a repo
2026-06-23T07:05:50 [WARN] Failed to determine git ref in D:\project\pipowers: not a git repo
2026-06-23T07:05:58 [WARN] Failed to load reference "tdd-rationalizations" from D:\project\pipowers\skills\test-driven-development\reference\rationalizations.md: ENOENT: no such file or directory, open 'D:\project\pipowers\skills\test-driven-development\reference\rationalizations.md'
2026-06-23T07:05:58 [WARN] Failed to load reference "tdd-anti-patterns" from D:\project\pipowers\skills\test-driven-development\testing-anti-patterns.md: ENOENT: no such file or directory, open 'D:\project\pipowers\skills\test-driven-development\testing-anti-patterns.md'
2026-06-23T07:05:58 [WARN] Failed to load reference "tdd-examples" from D:\project\pipowers\skills\test-driven-development\reference\examples.md: ENOENT: no such file or directory, open 'D:\project\pipowers\skills\test-driven-development\reference\examples.md'
2026-06-23T07:05:58 [WARN] Failed to load reference "tdd-when-stuck" from D:\project\pipowers\skills\test-driven-development\reference\when-stuck.md: ENOENT: no such file or directory, open 'D:\project\pipowers\skills\test-driven-development\reference\when-stuck.md'
2026-06-23T07:05:58 [WARN] Failed to load reference "debug-rationalizations" from D:\project\pipowers\skills\systematic-debugging\reference\rationalizations.md: ENOENT: no such file or directory, open 'D:\project\pipowers\skills\systematic-debugging\reference\rationalizations.md'
2026-06-23T07:05:58 [WARN] Failed to load reference "debug-tracing" from D:\project\pipowers\skills\systematic-debugging\root-cause-tracing.md: ENOENT: no such file or directory, open 'D:\project\pipowers\skills\systematic-debugging\root-cause-tracing.md'
2026-06-23T07:05:58 [WARN] Failed to load reference "debug-defense-in-depth" from D:\project\pipowers\skills\systematic-debugging\defense-in-depth.md: ENOENT: no such file or directory, open 'D:\project\pipowers\skills\systematic-debugging\defense-in-depth.md'
2026-06-23T07:05:58 [WARN] Failed to load reference "debug-condition-waiting" from D:\project\pipowers\skills\systematic-debugging\condition-based-waiting.md: ENOENT: no such file or directory, open 'D:\project\pipowers\skills\systematic-debugging\condition-based-waiting.md'
2026-06-23T07:06:00 [WARN] Failed to read state file, falling back to session entries: Unexpected token 'o', "not valid json{{{" is not valid JSON
2026-06-23T07:06:00 [WARN] Failed to determine git ref in C:\Users\user\AppData\Local\Temp\wfm-test-ttDjy3: Command failed: git branch --show-current
2026-06-23T07:06:02 [WARN] Failed to determine git ref in C:\Users\user\AppData\Local\Temp\wfm-test-spUk2k: Command failed: git branch --show-current
2026-06-23T07:06:02 [WARN] Failed to determine git ref in C:\Users\user\AppData\Local\Temp\wfm-test-7eMIAy: Command failed: git branch --show-current
2026-06-23T07:06:02 [WARN] Failed to determine git ref in C:\Users\user\AppData\Local\Temp\wfm-test-bX0Uf1: Command failed: git branch --show-current
2026-06-23T07:06:03 [WARN] Failed to determine git ref in C:\Users\user\AppData\Local\Temp\wfm-test-ojNP2L: Command failed: git branch --show-current
2026-06-23T07:06:03 [WARN] Failed to determine git ref in C:\Users\user\AppData\Local\Temp\wfm-test-Axpm63: Command failed: git branch --show-current
2026-06-23T07:06:03 [WARN] Failed to determine git ref in C:\Users\user\AppData\Local\Temp\wfm-test-0q8fxC: Command failed: git branch --show-current
2026-06-23T07:06:03 [WARN] Failed to determine git ref in C:\Users\user\AppData\Local\Temp\wfm-test-7LCEPJ: Command failed: git branch --show-current
2026-06-23T07:06:05 [WARN] Failed to determine git ref in C:\Users\user\AppData\Local\Temp\wfm-test-KrAQ7d: Command failed: git branch --show-current
2026-06-23T07:06:06 [WARN] Failed to determine git ref in C:\Users\user\AppData\Local\Temp\wfm-test-evJ0qm: Command failed: git branch --show-current
2026-06-23T07:06:07 [ERROR] Failed to parse C:\Users\user\AppData\Local\Temp\pipowers-home-5QUPnu\.pi\agent\pipowers.toml: Invalid TOML document: only letter, numbers, dashes and underscores are allowed in keys

1:  this is = not valid toml [[[
    ^
. Using defaults.
2026-06-23T07:06:08 [WARN] Failed to determine git ref in D:\project\pipowers: not a repo
2026-06-23T07:06:11 [WARN] Failed to determine git ref in D:\project\pipowers: not a git repo
2026-06-23T07:06:23 [WARN] Failed to load reference "tdd-rationalizations" from D:\project\pipowers\skills\test-driven-development\reference\rationalizations.md: ENOENT: no such file or directory, open 'D:\project\pipowers\skills\test-driven-development\reference\rationalizations.md'
2026-06-23T07:06:23 [WARN] Failed to load reference "tdd-anti-patterns" from D:\project\pipowers\skills\test-driven-development\testing-anti-patterns.md: ENOENT: no such file or directory, open 'D:\project\pipowers\skills\test-driven-development\testing-anti-patterns.md'
2026-06-23T07:06:23 [WARN] Failed to load reference "tdd-examples" from D:\project\pipowers\skills\test-driven-development\reference\examples.md: ENOENT: no such file or directory, open 'D:\project\pipowers\skills\test-driven-development\reference\examples.md'
2026-06-23T07:06:23 [WARN] Failed to load reference "tdd-when-stuck" from D:\project\pipowers\skills\test-driven-development\reference\when-stuck.md: ENOENT: no such file or directory, open 'D:\project\pipowers\skills\test-driven-development\reference\when-stuck.md'
2026-06-23T07:06:23 [WARN] Failed to load reference "debug-rationalizations" from D:\project\pipowers\skills\systematic-debugging\reference\rationalizations.md: ENOENT: no such file or directory, open 'D:\project\pipowers\skills\systematic-debugging\reference\rationalizations.md'
2026-06-23T07:06:23 [WARN] Failed to load reference "debug-tracing" from D:\project\pipowers\skills\systematic-debugging\root-cause-tracing.md: ENOENT: no such file or directory, open 'D:\project\pipowers\skills\systematic-debugging\root-cause-tracing.md'
2026-06-23T07:06:23 [WARN] Failed to load reference "debug-defense-in-depth" from D:\project\pipowers\skills\systematic-debugging\defense-in-depth.md: ENOENT: no such file or directory, open 'D:\project\pipowers\skills\systematic-debugging\defense-in-depth.md'
2026-06-23T07:06:23 [WARN] Failed to load reference "debug-condition-waiting" from D:\project\pipowers\skills\systematic-debugging\condition-based-waiting.md: ENOENT: no such file or directory, open 'D:\project\pipowers\skills\systematic-debugging\condition-based-waiting.md'
2026-06-23T07:06:26 [WARN] Failed to read state file, falling back to session entries: Unexpected token 'o', "not valid json{{{" is not valid JSON
2026-06-23T07:06:26 [WARN] Failed to determine git ref in C:\Users\user\AppData\Local\Temp\wfm-test-SkUdaM: Command failed: git branch --show-current
2026-06-23T07:06:28 [WARN] Failed to determine git ref in C:\Users\user\AppData\Local\Temp\wfm-test-1DFnD7: Command failed: git branch --show-current
2026-06-23T07:06:28 [WARN] Failed to determine git ref in C:\Users\user\AppData\Local\Temp\wfm-test-z4ILqc: Command failed: git branch --show-current
2026-06-23T07:06:28 [WARN] Failed to determine git ref in C:\Users\user\AppData\Local\Temp\wfm-test-d45ta5: Command failed: git branch --show-current
2026-06-23T07:06:28 [WARN] Failed to determine git ref in C:\Users\user\AppData\Local\Temp\wfm-test-5B1Kgh: Command failed: git branch --show-current
2026-06-23T07:06:28 [WARN] Failed to determine git ref in C:\Users\user\AppData\Local\Temp\wfm-test-OIrOzn: Command failed: git branch --show-current
2026-06-23T07:06:28 [WARN] Failed to determine git ref in C:\Users\user\AppData\Local\Temp\wfm-test-e4vWDI: Command failed: git branch --show-current
2026-06-23T07:06:29 [WARN] Failed to determine git ref in C:\Users\user\AppData\Local\Temp\wfm-test-5k6YV4: Command failed: git branch --show-current
2026-06-23T07:06:31 [WARN] Failed to determine git ref in C:\Users\user\AppData\Local\Temp\wfm-test-P1ImNK: Command failed: git branch --show-current
2026-06-23T07:06:32 [WARN] Failed to determine git ref in C:\Users\user\AppData\Local\Temp\wfm-test-qcJAYB: Command failed: git branch --show-current
2026-06-23T07:06:34 [WARN] Failed to determine git ref in D:\project\pipowers: not a repo
2026-06-23T07:06:37 [WARN] Failed to determine git ref in D:\project\pipowers: not a git repo
2026-06-23T07:07:38 [ERROR] Failed to parse C:\Users\user\AppData\Local\Temp\pipowers-home-LUZbrd\.pi\agent\pipowers.toml: Invalid TOML document: only letter, numbers, dashes and underscores are allowed in keys

1:  this is = not valid toml [[[
    ^
. Using defaults.
2026-06-23T07:10:37 [ERROR] Failed to parse C:\Users\user\AppData\Local\Temp\pipowers-home-epVDit\.pi\agent\pipowers.toml: Invalid TOML document: only letter, numbers, dashes and underscores are allowed in keys

1:  this is = not valid toml [[[
    ^
. Using defaults.
2026-06-23T07:14:21 [ERROR] Failed to parse C:\Users\user\AppData\Local\Temp\pipowers-home-i0SuLm\.pi\agent\pipowers.toml: Invalid TOML document: only letter, numbers, dashes and underscores are allowed in keys

1:  this is = not valid toml [[[
    ^
. Using defaults.
2026-06-23T07:22:44 [ERROR] Failed to parse C:\Users\user\AppData\Local\Temp\pipowers-home-cQgDPJ\.pi\agent\pipowers.toml: Invalid TOML document: only letter, numbers, dashes and underscores are allowed in keys

1:  this is = not valid toml [[[
    ^
. Using defaults.
2026-06-23T07:23:39 [ERROR] Failed to parse C:\Users\user\AppData\Local\Temp\pipowers-home-HnRz1I\.pi\agent\pipowers.toml: Invalid TOML document: only letter, numbers, dashes and underscores are allowed in keys

1:  this is = not valid toml [[[
    ^
. Using defaults.
2026-06-23T07:25:14 [ERROR] Failed to parse C:\Users\user\AppData\Local\Temp\pipowers-home-apJHOQ\.pi\agent\pipowers.toml: Invalid TOML document: only letter, numbers, dashes and underscores are allowed in keys

1:  this is = not valid toml [[[
    ^
. Using defaults.
2026-06-23T07:25:20 [WARN] Failed to load reference "tdd-rationalizations" from D:\project\pipowers\skills\test-driven-development\reference\rationalizations.md: ENOENT: no such file or directory, open 'D:\project\pipowers\skills\test-driven-development\reference\rationalizations.md'
2026-06-23T07:25:20 [WARN] Failed to load reference "tdd-anti-patterns" from D:\project\pipowers\skills\test-driven-development\testing-anti-patterns.md: ENOENT: no such file or directory, open 'D:\project\pipowers\skills\test-driven-development\testing-anti-patterns.md'
2026-06-23T07:25:20 [WARN] Failed to load reference "tdd-examples" from D:\project\pipowers\skills\test-driven-development\reference\examples.md: ENOENT: no such file or directory, open 'D:\project\pipowers\skills\test-driven-development\reference\examples.md'
2026-06-23T07:25:20 [WARN] Failed to load reference "tdd-when-stuck" from D:\project\pipowers\skills\test-driven-development\reference\when-stuck.md: ENOENT: no such file or directory, open 'D:\project\pipowers\skills\test-driven-development\reference\when-stuck.md'
2026-06-23T07:25:20 [WARN] Failed to load reference "debug-rationalizations" from D:\project\pipowers\skills\systematic-debugging\reference\rationalizations.md: ENOENT: no such file or directory, open 'D:\project\pipowers\skills\systematic-debugging\reference\rationalizations.md'
2026-06-23T07:25:20 [WARN] Failed to load reference "debug-tracing" from D:\project\pipowers\skills\systematic-debugging\root-cause-tracing.md: ENOENT: no such file or directory, open 'D:\project\pipowers\skills\systematic-debugging\root-cause-tracing.md'
2026-06-23T07:25:20 [WARN] Failed to load reference "debug-defense-in-depth" from D:\project\pipowers\skills\systematic-debugging\defense-in-depth.md: ENOENT: no such file or directory, open 'D:\project\pipowers\skills\systematic-debugging\defense-in-depth.md'
2026-06-23T07:25:20 [WARN] Failed to load reference "debug-condition-waiting" from D:\project\pipowers\skills\systematic-debugging\condition-based-waiting.md: ENOENT: no such file or directory, open 'D:\project\pipowers\skills\systematic-debugging\condition-based-waiting.md'
2026-06-23T07:25:22 [WARN] Failed to read state file, falling back to session entries: Unexpected token 'o', "not valid json{{{" is not valid JSON
2026-06-23T07:25:23 [WARN] Failed to determine git ref in C:\Users\user\AppData\Local\Temp\wfm-test-KlT4S6: Command failed: git branch --show-current
2026-06-23T07:25:25 [WARN] Failed to determine git ref in C:\Users\user\AppData\Local\Temp\wfm-test-NQCqqs: Command failed: git branch --show-current
2026-06-23T07:25:25 [WARN] Failed to determine git ref in C:\Users\user\AppData\Local\Temp\wfm-test-BUtEDP: Command failed: git branch --show-current
2026-06-23T07:25:25 [WARN] Failed to determine git ref in C:\Users\user\AppData\Local\Temp\wfm-test-eFgAoC: Command failed: git branch --show-current
2026-06-23T07:25:25 [WARN] Failed to determine git ref in C:\Users\user\AppData\Local\Temp\wfm-test-al9uit: Command failed: git branch --show-current
2026-06-23T07:25:25 [WARN] Failed to determine git ref in C:\Users\user\AppData\Local\Temp\wfm-test-04wonr: Command failed: git branch --show-current
2026-06-23T07:25:26 [WARN] Failed to determine git ref in C:\Users\user\AppData\Local\Temp\wfm-test-R6jER7: Command failed: git branch --show-current
2026-06-23T07:25:26 [WARN] Failed to determine git ref in C:\Users\user\AppData\Local\Temp\wfm-test-sfwYcO: Command failed: git branch --show-current
2026-06-23T07:25:28 [WARN] Failed to determine git ref in C:\Users\user\AppData\Local\Temp\wfm-test-3Byquj: Command failed: git branch --show-current
2026-06-23T07:25:28 [ERROR] Failed to parse C:\Users\user\AppData\Local\Temp\pipowers-home-LfkEmI\.pi\agent\pipowers.toml: Invalid TOML document: only letter, numbers, dashes and underscores are allowed in keys

1:  this is = not valid toml [[[
    ^
. Using defaults.
2026-06-23T07:25:30 [WARN] Failed to determine git ref in C:\Users\user\AppData\Local\Temp\wfm-test-860ovg: Command failed: git branch --show-current
2026-06-23T07:25:30 [WARN] Failed to determine git ref in D:\project\pipowers: not a repo
2026-06-23T07:25:33 [WARN] Failed to determine git ref in D:\project\pipowers: not a git repo
2026-06-23T07:25:41 [WARN] Failed to load reference "tdd-rationalizations" from D:\project\pipowers\skills\test-driven-development\reference\rationalizations.md: ENOENT: no such file or directory, open 'D:\project\pipowers\skills\test-driven-development\reference\rationalizations.md'
2026-06-23T07:25:41 [WARN] Failed to load reference "tdd-anti-patterns" from D:\project\pipowers\skills\test-driven-development\testing-anti-patterns.md: ENOENT: no such file or directory, open 'D:\project\pipowers\skills\test-driven-development\testing-anti-patterns.md'
2026-06-23T07:25:41 [WARN] Failed to load reference "tdd-examples" from D:\project\pipowers\skills\test-driven-development\reference\examples.md: ENOENT: no such file or directory, open 'D:\project\pipowers\skills\test-driven-development\reference\examples.md'
2026-06-23T07:25:41 [WARN] Failed to load reference "tdd-when-stuck" from D:\project\pipowers\skills\test-driven-development\reference\when-stuck.md: ENOENT: no such file or directory, open 'D:\project\pipowers\skills\test-driven-development\reference\when-stuck.md'
2026-06-23T07:25:41 [WARN] Failed to load reference "debug-rationalizations" from D:\project\pipowers\skills\systematic-debugging\reference\rationalizations.md: ENOENT: no such file or directory, open 'D:\project\pipowers\skills\systematic-debugging\reference\rationalizations.md'
2026-06-23T07:25:41 [WARN] Failed to load reference "debug-tracing" from D:\project\pipowers\skills\systematic-debugging\root-cause-tracing.md: ENOENT: no such file or directory, open 'D:\project\pipowers\skills\systematic-debugging\root-cause-tracing.md'
2026-06-23T07:25:41 [WARN] Failed to load reference "debug-defense-in-depth" from D:\project\pipowers\skills\systematic-debugging\defense-in-depth.md: ENOENT: no such file or directory, open 'D:\project\pipowers\skills\systematic-debugging\defense-in-depth.md'
2026-06-23T07:25:41 [WARN] Failed to load reference "debug-condition-waiting" from D:\project\pipowers\skills\systematic-debugging\condition-based-waiting.md: ENOENT: no such file or directory, open 'D:\project\pipowers\skills\systematic-debugging\condition-based-waiting.md'
2026-06-23T07:25:44 [WARN] Failed to read state file, falling back to session entries: Unexpected token 'o', "not valid json{{{" is not valid JSON
2026-06-23T07:25:44 [WARN] Failed to determine git ref in C:\Users\user\AppData\Local\Temp\wfm-test-6db3jB: Command failed: git branch --show-current
2026-06-23T07:25:46 [WARN] Failed to determine git ref in C:\Users\user\AppData\Local\Temp\wfm-test-KDcjnf: Command failed: git branch --show-current
2026-06-23T07:25:46 [WARN] Failed to determine git ref in C:\Users\user\AppData\Local\Temp\wfm-test-wSf1A5: Command failed: git branch --show-current
2026-06-23T07:25:46 [WARN] Failed to determine git ref in C:\Users\user\AppData\Local\Temp\wfm-test-uiJ6ui: Command failed: git branch --show-current
2026-06-23T07:25:46 [WARN] Failed to determine git ref in C:\Users\user\AppData\Local\Temp\wfm-test-pgvNWx: Command failed: git branch --show-current
2026-06-23T07:25:46 [WARN] Failed to determine git ref in C:\Users\user\AppData\Local\Temp\wfm-test-zdJThT: Command failed: git branch --show-current
2026-06-23T07:25:46 [WARN] Failed to determine git ref in C:\Users\user\AppData\Local\Temp\wfm-test-ghfMi9: Command failed: git branch --show-current
2026-06-23T07:25:46 [WARN] Failed to determine git ref in C:\Users\user\AppData\Local\Temp\wfm-test-i4yEOi: Command failed: git branch --show-current
2026-06-23T07:25:47 [ERROR] Failed to parse C:\Users\user\AppData\Local\Temp\pipowers-home-8nSndA\.pi\agent\pipowers.toml: Invalid TOML document: only letter, numbers, dashes and underscores are allowed in keys

1:  this is = not valid toml [[[
    ^
. Using defaults.
2026-06-23T07:25:48 [WARN] Failed to determine git ref in C:\Users\user\AppData\Local\Temp\wfm-test-ZohRBU: Command failed: git branch --show-current
2026-06-23T07:25:50 [WARN] Failed to determine git ref in C:\Users\user\AppData\Local\Temp\wfm-test-R4AL5a: Command failed: git branch --show-current
2026-06-23T07:25:51 [WARN] Failed to determine git ref in D:\project\pipowers: not a repo
2026-06-23T07:25:53 [WARN] Failed to determine git ref in D:\project\pipowers: not a git repo
2026-06-23T07:26:01 [WARN] Failed to load reference "tdd-rationalizations" from D:\project\pipowers\skills\test-driven-development\reference\rationalizations.md: ENOENT: no such file or directory, open 'D:\project\pipowers\skills\test-driven-development\reference\rationalizations.md'
2026-06-23T07:26:01 [WARN] Failed to load reference "tdd-anti-patterns" from D:\project\pipowers\skills\test-driven-development\testing-anti-patterns.md: ENOENT: no such file or directory, open 'D:\project\pipowers\skills\test-driven-development\testing-anti-patterns.md'
2026-06-23T07:26:01 [WARN] Failed to load reference "tdd-examples" from D:\project\pipowers\skills\test-driven-development\reference\examples.md: ENOENT: no such file or directory, open 'D:\project\pipowers\skills\test-driven-development\reference\examples.md'
2026-06-23T07:26:01 [WARN] Failed to load reference "tdd-when-stuck" from D:\project\pipowers\skills\test-driven-development\reference\when-stuck.md: ENOENT: no such file or directory, open 'D:\project\pipowers\skills\test-driven-development\reference\when-stuck.md'
2026-06-23T07:26:01 [WARN] Failed to load reference "debug-rationalizations" from D:\project\pipowers\skills\systematic-debugging\reference\rationalizations.md: ENOENT: no such file or directory, open 'D:\project\pipowers\skills\systematic-debugging\reference\rationalizations.md'
2026-06-23T07:26:01 [WARN] Failed to load reference "debug-tracing" from D:\project\pipowers\skills\systematic-debugging\root-cause-tracing.md: ENOENT: no such file or directory, open 'D:\project\pipowers\skills\systematic-debugging\root-cause-tracing.md'
2026-06-23T07:26:01 [WARN] Failed to load reference "debug-defense-in-depth" from D:\project\pipowers\skills\systematic-debugging\defense-in-depth.md: ENOENT: no such file or directory, open 'D:\project\pipowers\skills\systematic-debugging\defense-in-depth.md'
2026-06-23T07:26:01 [WARN] Failed to load reference "debug-condition-waiting" from D:\project\pipowers\skills\systematic-debugging\condition-based-waiting.md: ENOENT: no such file or directory, open 'D:\project\pipowers\skills\systematic-debugging\condition-based-waiting.md'
2026-06-23T07:26:03 [WARN] Failed to read state file, falling back to session entries: Unexpected token 'o', "not valid json{{{" is not valid JSON
2026-06-23T07:26:03 [WARN] Failed to determine git ref in C:\Users\user\AppData\Local\Temp\wfm-test-2vKWLC: Command failed: git branch --show-current
2026-06-23T07:26:06 [WARN] Failed to determine git ref in C:\Users\user\AppData\Local\Temp\wfm-test-u8wMi2: Command failed: git branch --show-current
2026-06-23T07:26:06 [WARN] Failed to determine git ref in C:\Users\user\AppData\Local\Temp\wfm-test-GFx7aO: Command failed: git branch --show-current
2026-06-23T07:26:06 [WARN] Failed to determine git ref in C:\Users\user\AppData\Local\Temp\wfm-test-t4MbUC: Command failed: git branch --show-current
2026-06-23T07:26:06 [WARN] Failed to determine git ref in C:\Users\user\AppData\Local\Temp\wfm-test-lvqSa2: Command failed: git branch --show-current
2026-06-23T07:26:06 [WARN] Failed to determine git ref in C:\Users\user\AppData\Local\Temp\wfm-test-Wei1wd: Command failed: git branch --show-current
2026-06-23T07:26:06 [WARN] Failed to determine git ref in C:\Users\user\AppData\Local\Temp\wfm-test-MKSUD3: Command failed: git branch --show-current
2026-06-23T07:26:06 [WARN] Failed to determine git ref in C:\Users\user\AppData\Local\Temp\wfm-test-m7oG3K: Command failed: git branch --show-current
2026-06-23T07:26:08 [WARN] Failed to determine git ref in C:\Users\user\AppData\Local\Temp\wfm-test-kvKJIa: Command failed: git branch --show-current
2026-06-23T07:26:09 [WARN] Failed to determine git ref in C:\Users\user\AppData\Local\Temp\wfm-test-fypEOp: Command failed: git branch --show-current
2026-06-23T07:26:09 [ERROR] Failed to parse C:\Users\user\AppData\Local\Temp\pipowers-home-sYKt1S\.pi\agent\pipowers.toml: Invalid TOML document: only letter, numbers, dashes and underscores are allowed in keys

1:  this is = not valid toml [[[
    ^
. Using defaults.
2026-06-23T07:26:11 [WARN] Failed to determine git ref in D:\project\pipowers: not a repo
2026-06-23T07:26:14 [WARN] Failed to determine git ref in D:\project\pipowers: not a git repo
2026-06-23T07:28:03 [ERROR] Failed to parse C:\Users\user\AppData\Local\Temp\pipowers-home-OGIH9O\.pi\agent\pipowers.toml: Invalid TOML document: only letter, numbers, dashes and underscores are allowed in keys

1:  this is = not valid toml [[[
    ^
. Using defaults.
2026-06-23T07:31:41 [WARN] Failed to read state file, falling back to session entries: Unexpected token 'o', "not valid json{{{" is not valid JSON
2026-06-23T07:31:41 [WARN] Failed to determine git ref in C:\Users\user\AppData\Local\Temp\wfm-test-vCNtAc: Command failed: git branch --show-current
2026-06-23T07:33:36 [WARN] Failed to read state file, falling back to session entries: Unexpected token 'o', "not valid json{{{" is not valid JSON
2026-06-23T07:33:36 [WARN] Failed to determine git ref in C:\Users\user\AppData\Local\Temp\wfm-test-n0Bfx3: Command failed: git branch --show-current
2026-06-23T07:34:34 [WARN] Failed to read state file, falling back to session entries: Unexpected token 'o', "not valid json{{{" is not valid JSON
2026-06-23T07:34:34 [WARN] Failed to determine git ref in C:\Users\user\AppData\Local\Temp\wfm-test-Wd0vkw: Command failed: git branch --show-current
2026-06-23T07:34:42 [WARN] Failed to read state file, falling back to session entries: Unexpected token 'o', "not valid json{{{" is not valid JSON
2026-06-23T07:34:42 [WARN] Failed to determine git ref in C:\Users\user\AppData\Local\Temp\wfm-test-W5Y6K3: Command failed: git branch --show-current
2026-06-23T07:35:17 [WARN] Failed to read state file, falling back to session entries: Unexpected token 'o', "not valid json{{{" is not valid JSON
2026-06-23T07:35:17 [WARN] Failed to determine git ref in C:\Users\user\AppData\Local\Temp\wfm-test-EkHjC8: Command failed: git branch --show-current
2026-06-23T07:36:10 [INFO] Loaded state from legacy D:\project\pipowers\.pi\superpowers-state.json. New writes will go to D:\project\pipowers\.pi\pipowers-state.json.
2026-06-23T07:36:10 [INFO] Loaded state from legacy D:\project\pipowers\.pi\superpowers-state.json. New writes will go to D:\project\pipowers\.pi\pipowers-state.json.
2026-06-23T07:36:10 [INFO] Loaded state from legacy D:\project\pipowers\.pi\superpowers-state.json. New writes will go to D:\project\pipowers\.pi\pipowers-state.json.
2026-06-23T07:36:10 [WARN] Failed to determine git ref in C:\Users\user\AppData\Local\Temp\wfm-test-frJltg: Command failed: git branch --show-current
2026-06-23T07:36:17 [WARN] Failed to determine git ref in C:\Users\user\AppData\Local\Temp\wfm-test-4LRiXd: Command failed: git branch --show-current
2026-06-23T07:37:56 [WARN] Failed to read C:\Users\user\AppData\Local\Temp\wfm-test-mOYYOb\.pi\pipowers-state.json: Unexpected token 'o', "not valid json{{{" is not valid JSON
2026-06-23T07:37:56 [WARN] Failed to determine git ref in C:\Users\user\AppData\Local\Temp\wfm-test-2qNlC4: Command failed: git branch --show-current
2026-06-23T07:39:03 [WARN] Failed to read C:\Users\user\AppData\Local\Temp\wfm-test-fE6w1Q\.pi\pipowers-state.json: Unexpected token 'o', "not valid json{{{" is not valid JSON
2026-06-23T07:39:04 [WARN] Failed to determine git ref in C:\Users\user\AppData\Local\Temp\wfm-test-u1vKyP: Command failed: git branch --show-current
2026-06-23T07:39:10 [WARN] Failed to load reference "tdd-rationalizations" from D:\project\pipowers\skills\test-driven-development\reference\rationalizations.md: ENOENT: no such file or directory, open 'D:\project\pipowers\skills\test-driven-development\reference\rationalizations.md'
2026-06-23T07:39:10 [WARN] Failed to load reference "tdd-anti-patterns" from D:\project\pipowers\skills\test-driven-development\testing-anti-patterns.md: ENOENT: no such file or directory, open 'D:\project\pipowers\skills\test-driven-development\testing-anti-patterns.md'
2026-06-23T07:39:10 [WARN] Failed to load reference "tdd-examples" from D:\project\pipowers\skills\test-driven-development\reference\examples.md: ENOENT: no such file or directory, open 'D:\project\pipowers\skills\test-driven-development\reference\examples.md'
2026-06-23T07:39:10 [WARN] Failed to load reference "tdd-when-stuck" from D:\project\pipowers\skills\test-driven-development\reference\when-stuck.md: ENOENT: no such file or directory, open 'D:\project\pipowers\skills\test-driven-development\reference\when-stuck.md'
2026-06-23T07:39:10 [WARN] Failed to load reference "debug-rationalizations" from D:\project\pipowers\skills\systematic-debugging\reference\rationalizations.md: ENOENT: no such file or directory, open 'D:\project\pipowers\skills\systematic-debugging\reference\rationalizations.md'
2026-06-23T07:39:10 [WARN] Failed to load reference "debug-tracing" from D:\project\pipowers\skills\systematic-debugging\root-cause-tracing.md: ENOENT: no such file or directory, open 'D:\project\pipowers\skills\systematic-debugging\root-cause-tracing.md'
2026-06-23T07:39:10 [WARN] Failed to load reference "debug-defense-in-depth" from D:\project\pipowers\skills\systematic-debugging\defense-in-depth.md: ENOENT: no such file or directory, open 'D:\project\pipowers\skills\systematic-debugging\defense-in-depth.md'
2026-06-23T07:39:10 [WARN] Failed to load reference "debug-condition-waiting" from D:\project\pipowers\skills\systematic-debugging\condition-based-waiting.md: ENOENT: no such file or directory, open 'D:\project\pipowers\skills\systematic-debugging\condition-based-waiting.md'
2026-06-23T07:39:12 [WARN] Failed to determine git ref in C:\Users\user\AppData\Local\Temp\wfm-test-8pVoaI: Command failed: git branch --show-current
2026-06-23T07:39:12 [WARN] Failed to determine git ref in C:\Users\user\AppData\Local\Temp\wfm-test-i8Q1UL: Command failed: git branch --show-current
2026-06-23T07:39:12 [WARN] Failed to determine git ref in C:\Users\user\AppData\Local\Temp\wfm-test-HicR12: Command failed: git branch --show-current
2026-06-23T07:39:12 [WARN] Failed to determine git ref in C:\Users\user\AppData\Local\Temp\wfm-test-mXfmIx: Command failed: git branch --show-current
2026-06-23T07:39:12 [WARN] Failed to determine git ref in C:\Users\user\AppData\Local\Temp\wfm-test-MHJxEA: Command failed: git branch --show-current
2026-06-23T07:39:12 [WARN] Failed to determine git ref in C:\Users\user\AppData\Local\Temp\wfm-test-9Q6uYV: Command failed: git branch --show-current
2026-06-23T07:39:12 [WARN] Failed to determine git ref in C:\Users\user\AppData\Local\Temp\wfm-test-CYK8H1: Command failed: git branch --show-current
2026-06-23T07:39:14 [WARN] Failed to determine git ref in C:\Users\user\AppData\Local\Temp\wfm-test-ricZwt: Command failed: git branch --show-current
2026-06-23T07:39:17 [WARN] Failed to determine git ref in C:\Users\user\AppData\Local\Temp\wfm-test-cr5W4l: Command failed: git branch --show-current
2026-06-23T07:39:17 [WARN] Failed to read C:\Users\user\AppData\Local\Temp\wfm-test-sFv7cW\.pi\pipowers-state.json: Unexpected token 'o', "not valid json{{{" is not valid JSON
2026-06-23T07:39:17 [WARN] Failed to determine git ref in C:\Users\user\AppData\Local\Temp\wfm-test-QUkb1n: Command failed: git branch --show-current
2026-06-23T07:39:18 [WARN] Failed to determine git ref in D:\project\pipowers: not a repo
2026-06-23T07:39:20 [WARN] Failed to determine git ref in D:\project\pipowers: not a git repo
2026-06-23T07:39:28 [WARN] Failed to load reference "tdd-rationalizations" from D:\project\pipowers\skills\test-driven-development\reference\rationalizations.md: ENOENT: no such file or directory, open 'D:\project\pipowers\skills\test-driven-development\reference\rationalizations.md'
2026-06-23T07:39:28 [WARN] Failed to load reference "tdd-anti-patterns" from D:\project\pipowers\skills\test-driven-development\testing-anti-patterns.md: ENOENT: no such file or directory, open 'D:\project\pipowers\skills\test-driven-development\testing-anti-patterns.md'
2026-06-23T07:39:28 [WARN] Failed to load reference "tdd-examples" from D:\project\pipowers\skills\test-driven-development\reference\examples.md: ENOENT: no such file or directory, open 'D:\project\pipowers\skills\test-driven-development\reference\examples.md'
2026-06-23T07:39:28 [WARN] Failed to load reference "tdd-when-stuck" from D:\project\pipowers\skills\test-driven-development\reference\when-stuck.md: ENOENT: no such file or directory, open 'D:\project\pipowers\skills\test-driven-development\reference\when-stuck.md'
2026-06-23T07:39:28 [WARN] Failed to load reference "debug-rationalizations" from D:\project\pipowers\skills\systematic-debugging\reference\rationalizations.md: ENOENT: no such file or directory, open 'D:\project\pipowers\skills\systematic-debugging\reference\rationalizations.md'
2026-06-23T07:39:28 [WARN] Failed to load reference "debug-tracing" from D:\project\pipowers\skills\systematic-debugging\root-cause-tracing.md: ENOENT: no such file or directory, open 'D:\project\pipowers\skills\systematic-debugging\root-cause-tracing.md'
2026-06-23T07:39:28 [WARN] Failed to load reference "debug-defense-in-depth" from D:\project\pipowers\skills\systematic-debugging\defense-in-depth.md: ENOENT: no such file or directory, open 'D:\project\pipowers\skills\systematic-debugging\defense-in-depth.md'
2026-06-23T07:39:28 [WARN] Failed to load reference "debug-condition-waiting" from D:\project\pipowers\skills\systematic-debugging\condition-based-waiting.md: ENOENT: no such file or directory, open 'D:\project\pipowers\skills\systematic-debugging\condition-based-waiting.md'
2026-06-23T07:39:30 [WARN] Failed to determine git ref in C:\Users\user\AppData\Local\Temp\wfm-test-6Ywdtl: Command failed: git branch --show-current
2026-06-23T07:39:30 [WARN] Failed to determine git ref in C:\Users\user\AppData\Local\Temp\wfm-test-TNNgFN: Command failed: git branch --show-current
2026-06-23T07:39:30 [WARN] Failed to determine git ref in C:\Users\user\AppData\Local\Temp\wfm-test-n2J3DZ: Command failed: git branch --show-current
2026-06-23T07:39:30 [WARN] Failed to determine git ref in C:\Users\user\AppData\Local\Temp\wfm-test-VJlX9E: Command failed: git branch --show-current
2026-06-23T07:39:30 [WARN] Failed to determine git ref in C:\Users\user\AppData\Local\Temp\wfm-test-35eqDK: Command failed: git branch --show-current
2026-06-23T07:39:30 [WARN] Failed to determine git ref in C:\Users\user\AppData\Local\Temp\wfm-test-4Xsvrk: Command failed: git branch --show-current
2026-06-23T07:39:31 [WARN] Failed to determine git ref in C:\Users\user\AppData\Local\Temp\wfm-test-svoiAO: Command failed: git branch --show-current
2026-06-23T07:39:33 [WARN] Failed to read C:\Users\user\AppData\Local\Temp\wfm-test-dGzMnj\.pi\pipowers-state.json: Unexpected token 'o', "not valid json{{{" is not valid JSON
2026-06-23T07:39:33 [WARN] Failed to determine git ref in C:\Users\user\AppData\Local\Temp\wfm-test-N1G43C: Command failed: git branch --show-current
2026-06-23T07:39:33 [WARN] Failed to determine git ref in C:\Users\user\AppData\Local\Temp\wfm-test-BVMQj9: Command failed: git branch --show-current
2026-06-23T07:39:35 [WARN] Failed to determine git ref in C:\Users\user\AppData\Local\Temp\wfm-test-8iBv3k: Command failed: git branch --show-current
2026-06-23T07:39:36 [WARN] Failed to determine git ref in D:\project\pipowers: not a repo
2026-06-23T07:39:38 [WARN] Failed to determine git ref in D:\project\pipowers: not a git repo
2026-06-23T07:39:48 [WARN] Failed to load reference "tdd-rationalizations" from D:\project\pipowers\skills\test-driven-development\reference\rationalizations.md: ENOENT: no such file or directory, open 'D:\project\pipowers\skills\test-driven-development\reference\rationalizations.md'
2026-06-23T07:39:48 [WARN] Failed to load reference "tdd-anti-patterns" from D:\project\pipowers\skills\test-driven-development\testing-anti-patterns.md: ENOENT: no such file or directory, open 'D:\project\pipowers\skills\test-driven-development\testing-anti-patterns.md'
2026-06-23T07:39:48 [WARN] Failed to load reference "tdd-examples" from D:\project\pipowers\skills\test-driven-development\reference\examples.md: ENOENT: no such file or directory, open 'D:\project\pipowers\skills\test-driven-development\reference\examples.md'
2026-06-23T07:39:48 [WARN] Failed to load reference "tdd-when-stuck" from D:\project\pipowers\skills\test-driven-development\reference\when-stuck.md: ENOENT: no such file or directory, open 'D:\project\pipowers\skills\test-driven-development\reference\when-stuck.md'
2026-06-23T07:39:48 [WARN] Failed to load reference "debug-rationalizations" from D:\project\pipowers\skills\systematic-debugging\reference\rationalizations.md: ENOENT: no such file or directory, open 'D:\project\pipowers\skills\systematic-debugging\reference\rationalizations.md'
2026-06-23T07:39:48 [WARN] Failed to load reference "debug-tracing" from D:\project\pipowers\skills\systematic-debugging\root-cause-tracing.md: ENOENT: no such file or directory, open 'D:\project\pipowers\skills\systematic-debugging\root-cause-tracing.md'
2026-06-23T07:39:48 [WARN] Failed to load reference "debug-defense-in-depth" from D:\project\pipowers\skills\systematic-debugging\defense-in-depth.md: ENOENT: no such file or directory, open 'D:\project\pipowers\skills\systematic-debugging\defense-in-depth.md'
2026-06-23T07:39:48 [WARN] Failed to load reference "debug-condition-waiting" from D:\project\pipowers\skills\systematic-debugging\condition-based-waiting.md: ENOENT: no such file or directory, open 'D:\project\pipowers\skills\systematic-debugging\condition-based-waiting.md'
2026-06-23T07:39:54 [WARN] Failed to load reference "tdd-rationalizations" from D:\project\pipowers\skills\test-driven-development\reference\rationalizations.md: ENOENT: no such file or directory, open 'D:\project\pipowers\skills\test-driven-development\reference\rationalizations.md'
2026-06-23T07:39:54 [WARN] Failed to load reference "tdd-anti-patterns" from D:\project\pipowers\skills\test-driven-development\testing-anti-patterns.md: ENOENT: no such file or directory, open 'D:\project\pipowers\skills\test-driven-development\testing-anti-patterns.md'
2026-06-23T07:39:54 [WARN] Failed to load reference "tdd-examples" from D:\project\pipowers\skills\test-driven-development\reference\examples.md: ENOENT: no such file or directory, open 'D:\project\pipowers\skills\test-driven-development\reference\examples.md'
2026-06-23T07:39:54 [WARN] Failed to load reference "tdd-when-stuck" from D:\project\pipowers\skills\test-driven-development\reference\when-stuck.md: ENOENT: no such file or directory, open 'D:\project\pipowers\skills\test-driven-development\reference\when-stuck.md'
2026-06-23T07:39:54 [WARN] Failed to load reference "debug-rationalizations" from D:\project\pipowers\skills\systematic-debugging\reference\rationalizations.md: ENOENT: no such file or directory, open 'D:\project\pipowers\skills\systematic-debugging\reference\rationalizations.md'
2026-06-23T07:39:54 [WARN] Failed to load reference "debug-tracing" from D:\project\pipowers\skills\systematic-debugging\root-cause-tracing.md: ENOENT: no such file or directory, open 'D:\project\pipowers\skills\systematic-debugging\root-cause-tracing.md'
2026-06-23T07:39:54 [WARN] Failed to load reference "debug-defense-in-depth" from D:\project\pipowers\skills\systematic-debugging\defense-in-depth.md: ENOENT: no such file or directory, open 'D:\project\pipowers\skills\systematic-debugging\defense-in-depth.md'
2026-06-23T07:39:54 [WARN] Failed to load reference "debug-condition-waiting" from D:\project\pipowers\skills\systematic-debugging\condition-based-waiting.md: ENOENT: no such file or directory, open 'D:\project\pipowers\skills\systematic-debugging\condition-based-waiting.md'
2026-06-23T07:39:58 [WARN] Failed to determine git ref in C:\Users\user\AppData\Local\Temp\wfm-test-54ndGv: Command failed: git branch --show-current
2026-06-23T07:39:58 [WARN] Failed to determine git ref in C:\Users\user\AppData\Local\Temp\wfm-test-Gelouj: Command failed: git branch --show-current
2026-06-23T07:39:58 [WARN] Failed to determine git ref in C:\Users\user\AppData\Local\Temp\wfm-test-Q34RZk: Command failed: git branch --show-current
2026-06-23T07:39:58 [WARN] Failed to determine git ref in C:\Users\user\AppData\Local\Temp\wfm-test-ncyxw8: Command failed: git branch --show-current
2026-06-23T07:39:58 [WARN] Failed to determine git ref in C:\Users\user\AppData\Local\Temp\wfm-test-tTddyl: Command failed: git branch --show-current
2026-06-23T07:39:58 [WARN] Failed to determine git ref in C:\Users\user\AppData\Local\Temp\wfm-test-EQHZ9y: Command failed: git branch --show-current
2026-06-23T07:39:59 [WARN] Failed to determine git ref in C:\Users\user\AppData\Local\Temp\wfm-test-c9Qlou: Command failed: git branch --show-current
2026-06-23T07:40:01 [WARN] Failed to determine git ref in C:\Users\user\AppData\Local\Temp\wfm-test-oofn8w: Command failed: git branch --show-current
2026-06-23T07:40:01 [WARN] Failed to read C:\Users\user\AppData\Local\Temp\wfm-test-6OHLm0\.pi\pipowers-state.json: Unexpected token 'o', "not valid json{{{" is not valid JSON
2026-06-23T07:40:02 [WARN] Failed to determine git ref in C:\Users\user\AppData\Local\Temp\wfm-test-Acu5m0: Command failed: git branch --show-current
2026-06-23T07:40:03 [ERROR] Failed to parse C:\Users\user\AppData\Local\Temp\pipowers-home-fMtoOF\.pi\agent\pipowers.toml: Invalid TOML document: only letter, numbers, dashes and underscores are allowed in keys

1:  this is = not valid toml [[[
    ^
. Using defaults.
2026-06-23T07:40:03 [WARN] Failed to determine git ref in C:\Users\user\AppData\Local\Temp\wfm-test-gWGriI: Command failed: git branch --show-current
2026-06-23T07:40:05 [WARN] Failed to determine git ref in D:\project\pipowers: not a repo
2026-06-23T07:40:07 [WARN] Failed to determine git ref in D:\project\pipowers: not a git repo
2026-06-23T07:40:16 [WARN] Failed to load reference "tdd-rationalizations" from D:\project\pipowers\skills\test-driven-development\reference\rationalizations.md: ENOENT: no such file or directory, open 'D:\project\pipowers\skills\test-driven-development\reference\rationalizations.md'
2026-06-23T07:40:16 [WARN] Failed to load reference "tdd-anti-patterns" from D:\project\pipowers\skills\test-driven-development\testing-anti-patterns.md: ENOENT: no such file or directory, open 'D:\project\pipowers\skills\test-driven-development\testing-anti-patterns.md'
2026-06-23T07:40:16 [WARN] Failed to load reference "tdd-examples" from D:\project\pipowers\skills\test-driven-development\reference\examples.md: ENOENT: no such file or directory, open 'D:\project\pipowers\skills\test-driven-development\reference\examples.md'
2026-06-23T07:40:16 [WARN] Failed to load reference "tdd-when-stuck" from D:\project\pipowers\skills\test-driven-development\reference\when-stuck.md: ENOENT: no such file or directory, open 'D:\project\pipowers\skills\test-driven-development\reference\when-stuck.md'
2026-06-23T07:40:16 [WARN] Failed to load reference "debug-rationalizations" from D:\project\pipowers\skills\systematic-debugging\reference\rationalizations.md: ENOENT: no such file or directory, open 'D:\project\pipowers\skills\systematic-debugging\reference\rationalizations.md'
2026-06-23T07:40:16 [WARN] Failed to load reference "debug-tracing" from D:\project\pipowers\skills\systematic-debugging\root-cause-tracing.md: ENOENT: no such file or directory, open 'D:\project\pipowers\skills\systematic-debugging\root-cause-tracing.md'
2026-06-23T07:40:16 [WARN] Failed to load reference "debug-defense-in-depth" from D:\project\pipowers\skills\systematic-debugging\defense-in-depth.md: ENOENT: no such file or directory, open 'D:\project\pipowers\skills\systematic-debugging\defense-in-depth.md'
2026-06-23T07:40:16 [WARN] Failed to load reference "debug-condition-waiting" from D:\project\pipowers\skills\systematic-debugging\condition-based-waiting.md: ENOENT: no such file or directory, open 'D:\project\pipowers\skills\systematic-debugging\condition-based-waiting.md'
2026-06-23T07:40:20 [WARN] Failed to determine git ref in C:\Users\user\AppData\Local\Temp\wfm-test-LRipxA: Command failed: git branch --show-current
2026-06-23T07:40:20 [WARN] Failed to determine git ref in C:\Users\user\AppData\Local\Temp\wfm-test-9GzknU: Command failed: git branch --show-current
2026-06-23T07:40:20 [WARN] Failed to determine git ref in C:\Users\user\AppData\Local\Temp\wfm-test-ksxGPv: Command failed: git branch --show-current
2026-06-23T07:40:20 [WARN] Failed to determine git ref in C:\Users\user\AppData\Local\Temp\wfm-test-EFJMiA: Command failed: git branch --show-current
2026-06-23T07:40:20 [WARN] Failed to determine git ref in C:\Users\user\AppData\Local\Temp\wfm-test-4W8T0J: Command failed: git branch --show-current
2026-06-23T07:40:20 [WARN] Failed to determine git ref in C:\Users\user\AppData\Local\Temp\wfm-test-Nefa1k: Command failed: git branch --show-current
2026-06-23T07:40:20 [WARN] Failed to determine git ref in C:\Users\user\AppData\Local\Temp\wfm-test-uW27pG: Command failed: git branch --show-current
2026-06-23T07:40:22 [WARN] Failed to read C:\Users\user\AppData\Local\Temp\wfm-test-SnAEHN\.pi\pipowers-state.json: Unexpected token 'o', "not valid json{{{" is not valid JSON
2026-06-23T07:40:23 [WARN] Failed to determine git ref in C:\Users\user\AppData\Local\Temp\wfm-test-PywB8f: Command failed: git branch --show-current
2026-06-23T07:40:24 [ERROR] Failed to parse C:\Users\user\AppData\Local\Temp\pipowers-home-5cxNOU\.pi\agent\pipowers.toml: Invalid TOML document: only letter, numbers, dashes and underscores are allowed in keys

1:  this is = not valid toml [[[
    ^
. Using defaults.
2026-06-23T07:40:24 [WARN] Failed to determine git ref in C:\Users\user\AppData\Local\Temp\wfm-test-a0SDCk: Command failed: git branch --show-current
2026-06-23T07:40:27 [WARN] Failed to determine git ref in C:\Users\user\AppData\Local\Temp\wfm-test-hQ4tHb: Command failed: git branch --show-current
2026-06-23T07:40:27 [WARN] Failed to determine git ref in D:\project\pipowers: not a repo
2026-06-23T07:40:31 [WARN] Failed to determine git ref in D:\project\pipowers: not a git repo
2026-06-23T07:40:42 [WARN] Failed to load reference "tdd-rationalizations" from D:\project\pipowers\skills\test-driven-development\reference\rationalizations.md: ENOENT: no such file or directory, open 'D:\project\pipowers\skills\test-driven-development\reference\rationalizations.md'
2026-06-23T07:40:42 [WARN] Failed to load reference "tdd-anti-patterns" from D:\project\pipowers\skills\test-driven-development\testing-anti-patterns.md: ENOENT: no such file or directory, open 'D:\project\pipowers\skills\test-driven-development\testing-anti-patterns.md'
2026-06-23T07:40:42 [WARN] Failed to load reference "tdd-examples" from D:\project\pipowers\skills\test-driven-development\reference\examples.md: ENOENT: no such file or directory, open 'D:\project\pipowers\skills\test-driven-development\reference\examples.md'
2026-06-23T07:40:42 [WARN] Failed to load reference "tdd-when-stuck" from D:\project\pipowers\skills\test-driven-development\reference\when-stuck.md: ENOENT: no such file or directory, open 'D:\project\pipowers\skills\test-driven-development\reference\when-stuck.md'
2026-06-23T07:40:42 [WARN] Failed to load reference "debug-rationalizations" from D:\project\pipowers\skills\systematic-debugging\reference\rationalizations.md: ENOENT: no such file or directory, open 'D:\project\pipowers\skills\systematic-debugging\reference\rationalizations.md'
2026-06-23T07:40:42 [WARN] Failed to load reference "debug-tracing" from D:\project\pipowers\skills\systematic-debugging\root-cause-tracing.md: ENOENT: no such file or directory, open 'D:\project\pipowers\skills\systematic-debugging\root-cause-tracing.md'
2026-06-23T07:40:42 [WARN] Failed to load reference "debug-defense-in-depth" from D:\project\pipowers\skills\systematic-debugging\defense-in-depth.md: ENOENT: no such file or directory, open 'D:\project\pipowers\skills\systematic-debugging\defense-in-depth.md'
2026-06-23T07:40:42 [WARN] Failed to load reference "debug-condition-waiting" from D:\project\pipowers\skills\systematic-debugging\condition-based-waiting.md: ENOENT: no such file or directory, open 'D:\project\pipowers\skills\systematic-debugging\condition-based-waiting.md'
2026-06-23T07:40:46 [WARN] Failed to read state file, falling back to session entries: Unexpected token 'o', "not valid json{{{" is not valid JSON
2026-06-23T07:40:46 [WARN] Failed to determine git ref in C:\Users\user\AppData\Local\Temp\wfm-test-DB4wk4: Command failed: git branch --show-current
2026-06-23T07:40:46 [WARN] Failed to determine git ref in C:\Users\user\AppData\Local\Temp\wfm-test-bOiDNS: Command failed: git branch --show-current
2026-06-23T07:40:46 [WARN] Failed to determine git ref in C:\Users\user\AppData\Local\Temp\wfm-test-G4rAqc: Command failed: git branch --show-current
2026-06-23T07:40:46 [WARN] Failed to determine git ref in C:\Users\user\AppData\Local\Temp\wfm-test-Xr2rnJ: Command failed: git branch --show-current
2026-06-23T07:40:47 [WARN] Failed to determine git ref in C:\Users\user\AppData\Local\Temp\wfm-test-zi9QKF: Command failed: git branch --show-current
2026-06-23T07:40:47 [WARN] Failed to determine git ref in C:\Users\user\AppData\Local\Temp\wfm-test-84eSrb: Command failed: git branch --show-current
2026-06-23T07:40:49 [WARN] Failed to determine git ref in C:\Users\user\AppData\Local\Temp\wfm-test-NAn0wZ: Command failed: git branch --show-current
2026-06-23T07:40:49 [WARN] Failed to determine git ref in C:\Users\user\AppData\Local\Temp\wfm-test-PHlesT: Command failed: git branch --show-current
2026-06-23T07:40:49 [WARN] Failed to determine git ref in C:\Users\user\AppData\Local\Temp\wfm-test-5kbBzH: Command failed: git branch --show-current
2026-06-23T07:40:49 [ERROR] Failed to parse C:\Users\user\AppData\Local\Temp\pipowers-home-CVviFI\.pi\agent\pipowers.toml: Invalid TOML document: only letter, numbers, dashes and underscores are allowed in keys

1:  this is = not valid toml [[[
    ^
. Using defaults.
2026-06-23T07:40:52 [WARN] Failed to determine git ref in C:\Users\user\AppData\Local\Temp\wfm-test-e686Yw: Command failed: git branch --show-current
2026-06-23T07:40:52 [WARN] Failed to determine git ref in D:\project\pipowers: not a repo
2026-06-23T07:40:55 [WARN] Failed to determine git ref in D:\project\pipowers: not a git repo
2026-06-23T07:41:50 [WARN] Failed to load reference "tdd-rationalizations" from D:\project\pipowers\skills\test-driven-development\reference\rationalizations.md: ENOENT: no such file or directory, open 'D:\project\pipowers\skills\test-driven-development\reference\rationalizations.md'
2026-06-23T07:41:50 [WARN] Failed to load reference "tdd-anti-patterns" from D:\project\pipowers\skills\test-driven-development\testing-anti-patterns.md: ENOENT: no such file or directory, open 'D:\project\pipowers\skills\test-driven-development\testing-anti-patterns.md'
2026-06-23T07:41:50 [WARN] Failed to load reference "tdd-examples" from D:\project\pipowers\skills\test-driven-development\reference\examples.md: ENOENT: no such file or directory, open 'D:\project\pipowers\skills\test-driven-development\reference\examples.md'
2026-06-23T07:41:50 [WARN] Failed to load reference "tdd-when-stuck" from D:\project\pipowers\skills\test-driven-development\reference\when-stuck.md: ENOENT: no such file or directory, open 'D:\project\pipowers\skills\test-driven-development\reference\when-stuck.md'
2026-06-23T07:41:50 [WARN] Failed to load reference "debug-rationalizations" from D:\project\pipowers\skills\systematic-debugging\reference\rationalizations.md: ENOENT: no such file or directory, open 'D:\project\pipowers\skills\systematic-debugging\reference\rationalizations.md'
2026-06-23T07:41:50 [WARN] Failed to load reference "debug-tracing" from D:\project\pipowers\skills\systematic-debugging\root-cause-tracing.md: ENOENT: no such file or directory, open 'D:\project\pipowers\skills\systematic-debugging\root-cause-tracing.md'
2026-06-23T07:41:50 [WARN] Failed to load reference "debug-defense-in-depth" from D:\project\pipowers\skills\systematic-debugging\defense-in-depth.md: ENOENT: no such file or directory, open 'D:\project\pipowers\skills\systematic-debugging\defense-in-depth.md'
2026-06-23T07:41:50 [WARN] Failed to load reference "debug-condition-waiting" from D:\project\pipowers\skills\systematic-debugging\condition-based-waiting.md: ENOENT: no such file or directory, open 'D:\project\pipowers\skills\systematic-debugging\condition-based-waiting.md'
2026-06-23T07:41:52 [WARN] Failed to read C:\Users\user\AppData\Local\Temp\wfm-test-XbhxGT\.pi\pipowers-state.json: Unexpected token 'o', "not valid json{{{" is not valid JSON
2026-06-23T07:41:52 [WARN] Failed to determine git ref in C:\Users\user\AppData\Local\Temp\wfm-test-4dwoFA: Command failed: git branch --show-current
2026-06-23T07:41:52 [WARN] Failed to determine git ref in C:\Users\user\AppData\Local\Temp\wfm-test-oIKqqq: Command failed: git branch --show-current
2026-06-23T07:41:52 [WARN] Failed to determine git ref in C:\Users\user\AppData\Local\Temp\wfm-test-w8Z2cL: Command failed: git branch --show-current
2026-06-23T07:41:52 [WARN] Failed to determine git ref in C:\Users\user\AppData\Local\Temp\wfm-test-HwVv6l: Command failed: git branch --show-current
2026-06-23T07:41:52 [WARN] Failed to determine git ref in C:\Users\user\AppData\Local\Temp\wfm-test-pgKBr3: Command failed: git branch --show-current
2026-06-23T07:41:52 [WARN] Failed to determine git ref in C:\Users\user\AppData\Local\Temp\wfm-test-lNIdiK: Command failed: git branch --show-current
2026-06-23T07:41:54 [WARN] Failed to determine git ref in C:\Users\user\AppData\Local\Temp\wfm-test-MyQ0uT: Command failed: git branch --show-current
2026-06-23T07:41:54 [WARN] Failed to determine git ref in C:\Users\user\AppData\Local\Temp\wfm-test-UjYD17: Command failed: git branch --show-current
2026-06-23T07:41:54 [WARN] Failed to determine git ref in C:\Users\user\AppData\Local\Temp\wfm-test-gjFrjx: Command failed: git branch --show-current
2026-06-23T07:41:55 [WARN] Failed to determine git ref in C:\Users\user\AppData\Local\Temp\wfm-test-m25jp8: Command failed: git branch --show-current
2026-06-23T07:41:58 [WARN] Failed to determine git ref in D:\project\pipowers: not a repo
2026-06-23T07:42:01 [WARN] Failed to determine git ref in D:\project\pipowers: not a git repo
2026-06-23T07:42:11 [WARN] Failed to read C:\Users\user\AppData\Local\Temp\wfm-test-SKtZqj\.pi\pipowers-state.json: Unexpected token 'o', "not valid json{{{" is not valid JSON
2026-06-23T07:42:11 [WARN] Failed to determine git ref in C:\Users\user\AppData\Local\Temp\wfm-test-eu1FSm: Command failed: git branch --show-current
2026-06-23T07:42:24 [WARN] Failed to load reference "tdd-rationalizations" from D:\project\pipowers\skills\test-driven-development\reference\rationalizations.md: ENOENT: no such file or directory, open 'D:\project\pipowers\skills\test-driven-development\reference\rationalizations.md'
2026-06-23T07:42:24 [WARN] Failed to load reference "tdd-anti-patterns" from D:\project\pipowers\skills\test-driven-development\testing-anti-patterns.md: ENOENT: no such file or directory, open 'D:\project\pipowers\skills\test-driven-development\testing-anti-patterns.md'
2026-06-23T07:42:24 [WARN] Failed to load reference "tdd-examples" from D:\project\pipowers\skills\test-driven-development\reference\examples.md: ENOENT: no such file or directory, open 'D:\project\pipowers\skills\test-driven-development\reference\examples.md'
2026-06-23T07:42:24 [WARN] Failed to load reference "tdd-when-stuck" from D:\project\pipowers\skills\test-driven-development\reference\when-stuck.md: ENOENT: no such file or directory, open 'D:\project\pipowers\skills\test-driven-development\reference\when-stuck.md'
2026-06-23T07:42:24 [WARN] Failed to load reference "debug-rationalizations" from D:\project\pipowers\skills\systematic-debugging\reference\rationalizations.md: ENOENT: no such file or directory, open 'D:\project\pipowers\skills\systematic-debugging\reference\rationalizations.md'
2026-06-23T07:42:24 [WARN] Failed to load reference "debug-tracing" from D:\project\pipowers\skills\systematic-debugging\root-cause-tracing.md: ENOENT: no such file or directory, open 'D:\project\pipowers\skills\systematic-debugging\root-cause-tracing.md'
2026-06-23T07:42:24 [WARN] Failed to load reference "debug-defense-in-depth" from D:\project\pipowers\skills\systematic-debugging\defense-in-depth.md: ENOENT: no such file or directory, open 'D:\project\pipowers\skills\systematic-debugging\defense-in-depth.md'
2026-06-23T07:42:24 [WARN] Failed to load reference "debug-condition-waiting" from D:\project\pipowers\skills\systematic-debugging\condition-based-waiting.md: ENOENT: no such file or directory, open 'D:\project\pipowers\skills\systematic-debugging\condition-based-waiting.md'
2026-06-23T07:42:26 [WARN] Failed to determine git ref in C:\Users\user\AppData\Local\Temp\wfm-test-d3iNPZ: Command failed: git branch --show-current
2026-06-23T07:42:26 [WARN] Failed to determine git ref in C:\Users\user\AppData\Local\Temp\wfm-test-1w0rez: Command failed: git branch --show-current
2026-06-23T07:42:27 [WARN] Failed to determine git ref in C:\Users\user\AppData\Local\Temp\wfm-test-Geastn: Command failed: git branch --show-current
2026-06-23T07:42:27 [WARN] Failed to determine git ref in C:\Users\user\AppData\Local\Temp\wfm-test-rLSmmx: Command failed: git branch --show-current
2026-06-23T07:42:27 [WARN] Failed to determine git ref in C:\Users\user\AppData\Local\Temp\wfm-test-u3lnYr: Command failed: git branch --show-current
2026-06-23T07:42:27 [WARN] Failed to determine git ref in C:\Users\user\AppData\Local\Temp\wfm-test-HuxcXL: Command failed: git branch --show-current
2026-06-23T07:42:27 [WARN] Failed to determine git ref in C:\Users\user\AppData\Local\Temp\wfm-test-It4Uhg: Command failed: git branch --show-current
2026-06-23T07:42:30 [WARN] Failed to determine git ref in C:\Users\user\AppData\Local\Temp\wfm-test-A5ovKv: Command failed: git branch --show-current
2026-06-23T07:42:31 [WARN] Failed to determine git ref in C:\Users\user\AppData\Local\Temp\wfm-test-x9qEw6: Command failed: git branch --show-current
2026-06-23T07:42:34 [WARN] Failed to read C:\Users\user\AppData\Local\Temp\wfm-test-nq8CeJ\.pi\pipowers-state.json: Unexpected token 'o', "not valid json{{{" is not valid JSON
2026-06-23T07:42:35 [WARN] Failed to determine git ref in C:\Users\user\AppData\Local\Temp\wfm-test-99H8CQ: Command failed: git branch --show-current
2026-06-23T07:42:35 [WARN] Failed to determine git ref in D:\project\pipowers: not a repo
2026-06-23T07:42:39 [WARN] Failed to determine git ref in D:\project\pipowers: not a git repo
2026-06-23T07:43:35 [WARN] Failed to read C:\Users\user\AppData\Local\Temp\wfm-test-Rj5cS9\.pi\pipowers-state.json: Unexpected token 'o', "not valid json{{{" is not valid JSON
2026-06-23T07:43:35 [WARN] Failed to determine git ref in C:\Users\user\AppData\Local\Temp\wfm-test-uIPTZF: Command failed: git branch --show-current
2026-06-23T07:44:25 [WARN] Failed to read C:\Users\user\AppData\Local\Temp\wfm-test-1AVHqY\.pi\pipowers-state.json: Unexpected token 'o', "not valid json{{{" is not valid JSON
2026-06-23T07:44:25 [WARN] Failed to determine git ref in C:\Users\user\AppData\Local\Temp\wfm-test-IBowQr: Command failed: git branch --show-current
2026-06-23T07:46:52 [WARN] Failed to read C:\Users\user\AppData\Local\Temp\wfm-test-2fPsKn\.pi\pipowers-state.json: Unexpected token 'o', "not valid json{{{" is not valid JSON
2026-06-23T07:46:52 [WARN] Failed to determine git ref in C:\Users\user\AppData\Local\Temp\wfm-test-BKI5pg: Command failed: git branch --show-current
2026-06-23T07:47:50 [INFO] Loaded state from legacy C:\Users\user\AppData\Local\Temp\wfm-test-HELB5u\.pi\superpowers-state.json. New writes will go to C:\Users\user\AppData\Local\Temp\wfm-test-HELB5u\.pi\pipowers-state.json.
2026-06-23T07:47:58 [WARN] Failed to load reference "tdd-rationalizations" from D:\project\pipowers\skills\test-driven-development\reference\rationalizations.md: ENOENT: no such file or directory, open 'D:\project\pipowers\skills\test-driven-development\reference\rationalizations.md'
2026-06-23T07:47:58 [WARN] Failed to load reference "tdd-anti-patterns" from D:\project\pipowers\skills\test-driven-development\testing-anti-patterns.md: ENOENT: no such file or directory, open 'D:\project\pipowers\skills\test-driven-development\testing-anti-patterns.md'
2026-06-23T07:47:58 [WARN] Failed to load reference "tdd-examples" from D:\project\pipowers\skills\test-driven-development\reference\examples.md: ENOENT: no such file or directory, open 'D:\project\pipowers\skills\test-driven-development\reference\examples.md'
2026-06-23T07:47:58 [WARN] Failed to load reference "tdd-when-stuck" from D:\project\pipowers\skills\test-driven-development\reference\when-stuck.md: ENOENT: no such file or directory, open 'D:\project\pipowers\skills\test-driven-development\reference\when-stuck.md'
2026-06-23T07:47:58 [WARN] Failed to load reference "debug-rationalizations" from D:\project\pipowers\skills\systematic-debugging\reference\rationalizations.md: ENOENT: no such file or directory, open 'D:\project\pipowers\skills\systematic-debugging\reference\rationalizations.md'
2026-06-23T07:47:58 [WARN] Failed to load reference "debug-tracing" from D:\project\pipowers\skills\systematic-debugging\root-cause-tracing.md: ENOENT: no such file or directory, open 'D:\project\pipowers\skills\systematic-debugging\root-cause-tracing.md'
2026-06-23T07:47:58 [WARN] Failed to load reference "debug-defense-in-depth" from D:\project\pipowers\skills\systematic-debugging\defense-in-depth.md: ENOENT: no such file or directory, open 'D:\project\pipowers\skills\systematic-debugging\defense-in-depth.md'
2026-06-23T07:47:58 [WARN] Failed to load reference "debug-condition-waiting" from D:\project\pipowers\skills\systematic-debugging\condition-based-waiting.md: ENOENT: no such file or directory, open 'D:\project\pipowers\skills\systematic-debugging\condition-based-waiting.md'
2026-06-23T07:48:00 [WARN] Failed to determine git ref in C:\Users\user\AppData\Local\Temp\wfm-test-vMVNH1: Command failed: git branch --show-current
2026-06-23T07:48:00 [WARN] Failed to determine git ref in C:\Users\user\AppData\Local\Temp\wfm-test-3wlJlf: Command failed: git branch --show-current
2026-06-23T07:48:00 [WARN] Failed to determine git ref in C:\Users\user\AppData\Local\Temp\wfm-test-WgvzUL: Command failed: git branch --show-current
2026-06-23T07:48:00 [WARN] Failed to determine git ref in C:\Users\user\AppData\Local\Temp\wfm-test-p2XfUD: Command failed: git branch --show-current
2026-06-23T07:48:00 [WARN] Failed to determine git ref in C:\Users\user\AppData\Local\Temp\wfm-test-yz74X5: Command failed: git branch --show-current
2026-06-23T07:48:03 [WARN] Failed to determine git ref in C:\Users\user\AppData\Local\Temp\wfm-test-qch4B9: Command failed: git branch --show-current
2026-06-23T07:48:03 [WARN] Failed to determine git ref in C:\Users\user\AppData\Local\Temp\wfm-test-SIrEwI: Command failed: git branch --show-current
2026-06-23T07:48:03 [WARN] Failed to determine git ref in C:\Users\user\AppData\Local\Temp\wfm-test-YrmHvz: Command failed: git branch --show-current
2026-06-23T07:48:05 [WARN] Failed to determine git ref in C:\Users\user\AppData\Local\Temp\wfm-test-UVnllz: Command failed: git branch --show-current
2026-06-23T07:48:06 [WARN] Failed to determine git ref in D:\project\pipowers: not a repo
2026-06-23T07:48:06 [WARN] Failed to read C:\Users\user\AppData\Local\Temp\wfm-test-31Y7L8\.pi\pipowers-state.json: Unexpected token 'o', "not valid json{{{" is not valid JSON
2026-06-23T07:48:06 [WARN] Failed to determine git ref in C:\Users\user\AppData\Local\Temp\wfm-test-WhtAkb: Command failed: git branch --show-current
2026-06-23T07:48:10 [WARN] Failed to determine git ref in D:\project\pipowers: not a git repo
2026-06-23T07:48:20 [WARN] Failed to load reference "tdd-rationalizations" from D:\project\pipowers\skills\test-driven-development\reference\rationalizations.md: ENOENT: no such file or directory, open 'D:\project\pipowers\skills\test-driven-development\reference\rationalizations.md'
2026-06-23T07:48:20 [WARN] Failed to load reference "tdd-anti-patterns" from D:\project\pipowers\skills\test-driven-development\testing-anti-patterns.md: ENOENT: no such file or directory, open 'D:\project\pipowers\skills\test-driven-development\testing-anti-patterns.md'
2026-06-23T07:48:20 [WARN] Failed to load reference "tdd-examples" from D:\project\pipowers\skills\test-driven-development\reference\examples.md: ENOENT: no such file or directory, open 'D:\project\pipowers\skills\test-driven-development\reference\examples.md'
2026-06-23T07:48:20 [WARN] Failed to load reference "tdd-rationalizations" from D:\project\pipowers\skills\test-driven-development\reference\rationalizations.md: ENOENT: no such file or directory, open 'D:\project\pipowers\skills\test-driven-development\reference\rationalizations.md'
2026-06-23T07:48:20 [WARN] Failed to load reference "tdd-when-stuck" from D:\project\pipowers\skills\test-driven-development\reference\when-stuck.md: ENOENT: no such file or directory, open 'D:\project\pipowers\skills\test-driven-development\reference\when-stuck.md'
2026-06-23T07:48:20 [WARN] Failed to load reference "debug-rationalizations" from D:\project\pipowers\skills\systematic-debugging\reference\rationalizations.md: ENOENT: no such file or directory, open 'D:\project\pipowers\skills\systematic-debugging\reference\rationalizations.md'
2026-06-23T07:48:20 [WARN] Failed to load reference "debug-tracing" from D:\project\pipowers\skills\systematic-debugging\root-cause-tracing.md: ENOENT: no such file or directory, open 'D:\project\pipowers\skills\systematic-debugging\root-cause-tracing.md'
2026-06-23T07:48:20 [WARN] Failed to load reference "debug-defense-in-depth" from D:\project\pipowers\skills\systematic-debugging\defense-in-depth.md: ENOENT: no such file or directory, open 'D:\project\pipowers\skills\systematic-debugging\defense-in-depth.md'
2026-06-23T07:48:20 [WARN] Failed to load reference "tdd-anti-patterns" from D:\project\pipowers\skills\test-driven-development\testing-anti-patterns.md: ENOENT: no such file or directory, open 'D:\project\pipowers\skills\test-driven-development\testing-anti-patterns.md'
2026-06-23T07:48:20 [WARN] Failed to load reference "debug-condition-waiting" from D:\project\pipowers\skills\systematic-debugging\condition-based-waiting.md: ENOENT: no such file or directory, open 'D:\project\pipowers\skills\systematic-debugging\condition-based-waiting.md'
2026-06-23T07:48:20 [WARN] Failed to load reference "tdd-examples" from D:\project\pipowers\skills\test-driven-development\reference\examples.md: ENOENT: no such file or directory, open 'D:\project\pipowers\skills\test-driven-development\reference\examples.md'
2026-06-23T07:48:20 [WARN] Failed to load reference "tdd-when-stuck" from D:\project\pipowers\skills\test-driven-development\reference\when-stuck.md: ENOENT: no such file or directory, open 'D:\project\pipowers\skills\test-driven-development\reference\when-stuck.md'
2026-06-23T07:48:20 [WARN] Failed to load reference "debug-rationalizations" from D:\project\pipowers\skills\systematic-debugging\reference\rationalizations.md: ENOENT: no such file or directory, open 'D:\project\pipowers\skills\systematic-debugging\reference\rationalizations.md'
2026-06-23T07:48:20 [WARN] Failed to load reference "debug-tracing" from D:\project\pipowers\skills\systematic-debugging\root-cause-tracing.md: ENOENT: no such file or directory, open 'D:\project\pipowers\skills\systematic-debugging\root-cause-tracing.md'
2026-06-23T07:48:20 [WARN] Failed to load reference "debug-defense-in-depth" from D:\project\pipowers\skills\systematic-debugging\defense-in-depth.md: ENOENT: no such file or directory, open 'D:\project\pipowers\skills\systematic-debugging\defense-in-depth.md'
2026-06-23T07:48:20 [WARN] Failed to load reference "debug-condition-waiting" from D:\project\pipowers\skills\systematic-debugging\condition-based-waiting.md: ENOENT: no such file or directory, open 'D:\project\pipowers\skills\systematic-debugging\condition-based-waiting.md'
2026-06-23T08:00:25 [WARN] Failed to determine git ref in D:\project\pipowers: Command failed: git branch --show-current
2026-06-23T08:01:21 [WARN] Failed to load reference "tdd-rationalizations" from D:\project\pipowers\skills\test-driven-development\reference\rationalizations.md: ENOENT: no such file or directory, open 'D:\project\pipowers\skills\test-driven-development\reference\rationalizations.md'
2026-06-23T08:01:21 [WARN] Failed to load reference "tdd-anti-patterns" from D:\project\pipowers\skills\test-driven-development\testing-anti-patterns.md: ENOENT: no such file or directory, open 'D:\project\pipowers\skills\test-driven-development\testing-anti-patterns.md'
2026-06-23T08:01:21 [WARN] Failed to load reference "tdd-examples" from D:\project\pipowers\skills\test-driven-development\reference\examples.md: ENOENT: no such file or directory, open 'D:\project\pipowers\skills\test-driven-development\reference\examples.md'
2026-06-23T08:01:21 [WARN] Failed to load reference "tdd-when-stuck" from D:\project\pipowers\skills\test-driven-development\reference\when-stuck.md: ENOENT: no such file or directory, open 'D:\project\pipowers\skills\test-driven-development\reference\when-stuck.md'
2026-06-23T08:01:21 [WARN] Failed to load reference "debug-rationalizations" from D:\project\pipowers\skills\systematic-debugging\reference\rationalizations.md: ENOENT: no such file or directory, open 'D:\project\pipowers\skills\systematic-debugging\reference\rationalizations.md'
2026-06-23T08:01:21 [WARN] Failed to load reference "debug-tracing" from D:\project\pipowers\skills\systematic-debugging\root-cause-tracing.md: ENOENT: no such file or directory, open 'D:\project\pipowers\skills\systematic-debugging\root-cause-tracing.md'
2026-06-23T08:01:21 [WARN] Failed to load reference "debug-defense-in-depth" from D:\project\pipowers\skills\systematic-debugging\defense-in-depth.md: ENOENT: no such file or directory, open 'D:\project\pipowers\skills\systematic-debugging\defense-in-depth.md'
2026-06-23T08:01:21 [WARN] Failed to load reference "debug-condition-waiting" from D:\project\pipowers\skills\systematic-debugging\condition-based-waiting.md: ENOENT: no such file or directory, open 'D:\project\pipowers\skills\systematic-debugging\condition-based-waiting.md'
2026-06-23T08:01:26 [WARN] Failed to determine git ref in C:\Users\user\AppData\Local\Temp\wfm-test-3ub72Z: Command failed: git branch --show-current
2026-06-23T08:01:26 [WARN] Failed to determine git ref in C:\Users\user\AppData\Local\Temp\wfm-test-nzPggG: Command failed: git branch --show-current
2026-06-23T08:01:26 [WARN] Failed to determine git ref in C:\Users\user\AppData\Local\Temp\wfm-test-sQZGFA: Command failed: git branch --show-current
2026-06-23T08:01:26 [WARN] Failed to determine git ref in C:\Users\user\AppData\Local\Temp\wfm-test-cjzdyB: Command failed: git branch --show-current
2026-06-23T08:01:26 [WARN] Failed to determine git ref in C:\Users\user\AppData\Local\Temp\wfm-test-bfpqy6: Command failed: git branch --show-current
2026-06-23T08:01:26 [WARN] Failed to determine git ref in C:\Users\user\AppData\Local\Temp\wfm-test-aXNYLq: Command failed: git branch --show-current
2026-06-23T08:01:26 [WARN] Failed to determine git ref in C:\Users\user\AppData\Local\Temp\wfm-test-W4aRym: Command failed: git branch --show-current
2026-06-23T08:01:29 [WARN] Failed to determine git ref in C:\Users\user\AppData\Local\Temp\wfm-test-ptQpUr: Command failed: git branch --show-current
2026-06-23T08:01:29 [ERROR] Failed to parse C:\Users\user\AppData\Local\Temp\pipowers-home-23SPOt\.pi\agent\pipowers.toml: Invalid TOML document: only letter, numbers, dashes and underscores are allowed in keys

1:  this is = not valid toml [[[
    ^
. Using defaults.
2026-06-23T08:01:31 [WARN] Failed to determine git ref in C:\Users\user\AppData\Local\Temp\wfm-test-psP5jc: Command failed: git branch --show-current
2026-06-23T08:01:32 [WARN] Failed to determine git ref in D:\project\pipowers: not a repo
2026-06-23T08:01:35 [WARN] Failed to determine git ref in D:\project\pipowers: not a git repo
2026-06-23T08:01:37 [WARN] Failed to read C:\Users\user\AppData\Local\Temp\wfm-test-iRQXJN\.pi\pipowers-state.json: Unexpected token 'o', "not valid json{{{" is not valid JSON
2026-06-23T08:01:37 [WARN] Failed to determine git ref in C:\Users\user\AppData\Local\Temp\wfm-test-Umhnr3: Command failed: git branch --show-current
2026-06-23T08:01:50 [WARN] Failed to load reference "tdd-rationalizations" from D:\project\pipowers\skills\test-driven-development\reference\rationalizations.md: ENOENT: no such file or directory, open 'D:\project\pipowers\skills\test-driven-development\reference\rationalizations.md'
2026-06-23T08:01:50 [WARN] Failed to load reference "tdd-anti-patterns" from D:\project\pipowers\skills\test-driven-development\testing-anti-patterns.md: ENOENT: no such file or directory, open 'D:\project\pipowers\skills\test-driven-development\testing-anti-patterns.md'
2026-06-23T08:01:50 [WARN] Failed to load reference "tdd-examples" from D:\project\pipowers\skills\test-driven-development\reference\examples.md: ENOENT: no such file or directory, open 'D:\project\pipowers\skills\test-driven-development\reference\examples.md'
2026-06-23T08:01:50 [WARN] Failed to load reference "tdd-when-stuck" from D:\project\pipowers\skills\test-driven-development\reference\when-stuck.md: ENOENT: no such file or directory, open 'D:\project\pipowers\skills\test-driven-development\reference\when-stuck.md'
2026-06-23T08:01:50 [WARN] Failed to load reference "debug-rationalizations" from D:\project\pipowers\skills\systematic-debugging\reference\rationalizations.md: ENOENT: no such file or directory, open 'D:\project\pipowers\skills\systematic-debugging\reference\rationalizations.md'
2026-06-23T08:01:50 [WARN] Failed to load reference "debug-tracing" from D:\project\pipowers\skills\systematic-debugging\root-cause-tracing.md: ENOENT: no such file or directory, open 'D:\project\pipowers\skills\systematic-debugging\root-cause-tracing.md'
2026-06-23T08:01:50 [WARN] Failed to load reference "debug-defense-in-depth" from D:\project\pipowers\skills\systematic-debugging\defense-in-depth.md: ENOENT: no such file or directory, open 'D:\project\pipowers\skills\systematic-debugging\defense-in-depth.md'
2026-06-23T08:01:50 [WARN] Failed to load reference "debug-condition-waiting" from D:\project\pipowers\skills\systematic-debugging\condition-based-waiting.md: ENOENT: no such file or directory, open 'D:\project\pipowers\skills\systematic-debugging\condition-based-waiting.md'
2026-06-23T08:01:55 [WARN] Failed to determine git ref in C:\Users\user\AppData\Local\Temp\wfm-test-xM35Jg: Command failed: git branch --show-current
2026-06-23T08:01:55 [WARN] Failed to determine git ref in C:\Users\user\AppData\Local\Temp\wfm-test-DJEmS1: Command failed: git branch --show-current
2026-06-23T08:01:56 [WARN] Failed to determine git ref in C:\Users\user\AppData\Local\Temp\wfm-test-ZqNjFv: Command failed: git branch --show-current
2026-06-23T08:01:56 [WARN] Failed to determine git ref in C:\Users\user\AppData\Local\Temp\wfm-test-NleWIw: Command failed: git branch --show-current
2026-06-23T08:01:56 [WARN] Failed to determine git ref in C:\Users\user\AppData\Local\Temp\wfm-test-2V9XCd: Command failed: git branch --show-current
2026-06-23T08:01:56 [WARN] Failed to determine git ref in C:\Users\user\AppData\Local\Temp\wfm-test-B7LKX8: Command failed: git branch --show-current
2026-06-23T08:01:56 [WARN] Failed to determine git ref in C:\Users\user\AppData\Local\Temp\wfm-test-CL6XnJ: Command failed: git branch --show-current
2026-06-23T08:01:59 [WARN] Failed to determine git ref in C:\Users\user\AppData\Local\Temp\wfm-test-IJXkCt: Command failed: git branch --show-current
2026-06-23T08:01:59 [WARN] Failed to read C:\Users\user\AppData\Local\Temp\wfm-test-hJxmjk\.pi\pipowers-state.json: Unexpected token 'o', "not valid json{{{" is not valid JSON
2026-06-23T08:01:59 [WARN] Failed to determine git ref in C:\Users\user\AppData\Local\Temp\wfm-test-fz96yo: Command failed: git branch --show-current
2026-06-23T08:01:59 [ERROR] Failed to parse C:\Users\user\AppData\Local\Temp\pipowers-home-1XVk12\.pi\agent\pipowers.toml: Invalid TOML document: only letter, numbers, dashes and underscores are allowed in keys

1:  this is = not valid toml [[[
    ^
. Using defaults.
2026-06-23T08:02:01 [WARN] Failed to determine git ref in C:\Users\user\AppData\Local\Temp\wfm-test-ghFYvO: Command failed: git branch --show-current
2026-06-23T08:02:02 [WARN] Failed to determine git ref in D:\project\pipowers: not a repo
2026-06-23T08:02:06 [WARN] Failed to determine git ref in D:\project\pipowers: not a git repo
2026-06-23T08:04:08 [WARN] Failed to load reference "tdd-rationalizations" from D:\project\pipowers\skills\test-driven-development\reference\rationalizations.md: ENOENT: no such file or directory, open 'D:\project\pipowers\skills\test-driven-development\reference\rationalizations.md'
2026-06-23T08:04:08 [WARN] Failed to load reference "tdd-anti-patterns" from D:\project\pipowers\skills\test-driven-development\testing-anti-patterns.md: ENOENT: no such file or directory, open 'D:\project\pipowers\skills\test-driven-development\testing-anti-patterns.md'
2026-06-23T08:04:08 [WARN] Failed to load reference "tdd-examples" from D:\project\pipowers\skills\test-driven-development\reference\examples.md: ENOENT: no such file or directory, open 'D:\project\pipowers\skills\test-driven-development\reference\examples.md'
2026-06-23T08:04:08 [WARN] Failed to load reference "tdd-when-stuck" from D:\project\pipowers\skills\test-driven-development\reference\when-stuck.md: ENOENT: no such file or directory, open 'D:\project\pipowers\skills\test-driven-development\reference\when-stuck.md'
2026-06-23T08:04:08 [WARN] Failed to load reference "debug-rationalizations" from D:\project\pipowers\skills\systematic-debugging\reference\rationalizations.md: ENOENT: no such file or directory, open 'D:\project\pipowers\skills\systematic-debugging\reference\rationalizations.md'
2026-06-23T08:04:08 [WARN] Failed to load reference "debug-tracing" from D:\project\pipowers\skills\systematic-debugging\root-cause-tracing.md: ENOENT: no such file or directory, open 'D:\project\pipowers\skills\systematic-debugging\root-cause-tracing.md'
2026-06-23T08:04:08 [WARN] Failed to load reference "debug-defense-in-depth" from D:\project\pipowers\skills\systematic-debugging\defense-in-depth.md: ENOENT: no such file or directory, open 'D:\project\pipowers\skills\systematic-debugging\defense-in-depth.md'
2026-06-23T08:04:08 [WARN] Failed to load reference "debug-condition-waiting" from D:\project\pipowers\skills\systematic-debugging\condition-based-waiting.md: ENOENT: no such file or directory, open 'D:\project\pipowers\skills\systematic-debugging\condition-based-waiting.md'
2026-06-23T08:04:12 [WARN] Failed to determine git ref in C:\Users\user\AppData\Local\Temp\wfm-test-xDcrgC: Command failed: git branch --show-current
2026-06-23T08:04:13 [WARN] Failed to determine git ref in C:\Users\user\AppData\Local\Temp\wfm-test-elSD1R: Command failed: git branch --show-current
2026-06-23T08:04:13 [WARN] Failed to determine git ref in C:\Users\user\AppData\Local\Temp\wfm-test-JJmdue: Command failed: git branch --show-current
2026-06-23T08:04:13 [WARN] Failed to determine git ref in C:\Users\user\AppData\Local\Temp\wfm-test-5xIRgC: Command failed: git branch --show-current
2026-06-23T08:04:13 [WARN] Failed to determine git ref in C:\Users\user\AppData\Local\Temp\wfm-test-rTJ20c: Command failed: git branch --show-current
2026-06-23T08:04:15 [WARN] Failed to determine git ref in C:\Users\user\AppData\Local\Temp\wfm-test-KN5ahm: Command failed: git branch --show-current
2026-06-23T08:04:15 [WARN] Failed to determine git ref in C:\Users\user\AppData\Local\Temp\wfm-test-WM5oxH: Command failed: git branch --show-current
2026-06-23T08:04:16 [WARN] Failed to determine git ref in C:\Users\user\AppData\Local\Temp\wfm-test-3P1uCl: Command failed: git branch --show-current
2026-06-23T08:04:16 [WARN] Failed to read C:\Users\user\AppData\Local\Temp\wfm-test-hBfriY\.pi\pipowers-state.json: Unexpected token 'o', "not valid json{{{" is not valid JSON
2026-06-23T08:04:16 [WARN] Failed to determine git ref in C:\Users\user\AppData\Local\Temp\wfm-test-I5n2KG: Command failed: git branch --show-current
2026-06-23T08:04:16 [ERROR] Failed to parse C:\Users\user\AppData\Local\Temp\pipowers-home-ZOJQ6y\.pi\agent\pipowers.toml: Invalid TOML document: only letter, numbers, dashes and underscores are allowed in keys

1:  this is = not valid toml [[[
    ^
. Using defaults.
2026-06-23T08:04:18 [WARN] Failed to determine git ref in C:\Users\user\AppData\Local\Temp\wfm-test-9mXGIg: Command failed: git branch --show-current
2026-06-23T08:04:19 [WARN] Failed to determine git ref in D:\project\pipowers: not a repo
2026-06-23T08:04:22 [WARN] Failed to determine git ref in D:\project\pipowers: not a git repo
2026-06-23T08:09:04 [WARN] Failed to load reference "tdd-rationalizations" from D:\project\pipowers\skills\test-driven-development\reference\rationalizations.md: ENOENT: no such file or directory, open 'D:\project\pipowers\skills\test-driven-development\reference\rationalizations.md'
2026-06-23T08:09:04 [WARN] Failed to load reference "tdd-anti-patterns" from D:\project\pipowers\skills\test-driven-development\testing-anti-patterns.md: ENOENT: no such file or directory, open 'D:\project\pipowers\skills\test-driven-development\testing-anti-patterns.md'
2026-06-23T08:09:04 [WARN] Failed to load reference "tdd-examples" from D:\project\pipowers\skills\test-driven-development\reference\examples.md: ENOENT: no such file or directory, open 'D:\project\pipowers\skills\test-driven-development\reference\examples.md'
2026-06-23T08:09:04 [WARN] Failed to load reference "tdd-when-stuck" from D:\project\pipowers\skills\test-driven-development\reference\when-stuck.md: ENOENT: no such file or directory, open 'D:\project\pipowers\skills\test-driven-development\reference\when-stuck.md'
2026-06-23T08:09:04 [WARN] Failed to load reference "debug-rationalizations" from D:\project\pipowers\skills\systematic-debugging\reference\rationalizations.md: ENOENT: no such file or directory, open 'D:\project\pipowers\skills\systematic-debugging\reference\rationalizations.md'
2026-06-23T08:09:04 [WARN] Failed to load reference "debug-tracing" from D:\project\pipowers\skills\systematic-debugging\root-cause-tracing.md: ENOENT: no such file or directory, open 'D:\project\pipowers\skills\systematic-debugging\root-cause-tracing.md'
2026-06-23T08:09:04 [WARN] Failed to load reference "debug-defense-in-depth" from D:\project\pipowers\skills\systematic-debugging\defense-in-depth.md: ENOENT: no such file or directory, open 'D:\project\pipowers\skills\systematic-debugging\defense-in-depth.md'
2026-06-23T08:09:04 [WARN] Failed to load reference "debug-condition-waiting" from D:\project\pipowers\skills\systematic-debugging\condition-based-waiting.md: ENOENT: no such file or directory, open 'D:\project\pipowers\skills\systematic-debugging\condition-based-waiting.md'
2026-06-23T08:09:07 [WARN] Failed to determine git ref in C:\Users\user\AppData\Local\Temp\wfm-test-3lPF4M: Command failed: git branch --show-current
2026-06-23T08:09:07 [WARN] Failed to determine git ref in C:\Users\user\AppData\Local\Temp\wfm-test-pVxJd8: Command failed: git branch --show-current
2026-06-23T08:09:07 [WARN] Failed to determine git ref in C:\Users\user\AppData\Local\Temp\wfm-test-aVLGZg: Command failed: git branch --show-current
2026-06-23T08:09:07 [WARN] Failed to determine git ref in C:\Users\user\AppData\Local\Temp\wfm-test-d8bcWU: Command failed: git branch --show-current
2026-06-23T08:09:07 [WARN] Failed to determine git ref in C:\Users\user\AppData\Local\Temp\wfm-test-6j13YP: Command failed: git branch --show-current
2026-06-23T08:09:10 [WARN] Failed to read C:\Users\user\AppData\Local\Temp\wfm-test-HGFOG7\.pi\pipowers-state.json: Unexpected token 'o', "not valid json{{{" is not valid JSON
2026-06-23T08:09:10 [WARN] Failed to determine git ref in C:\Users\user\AppData\Local\Temp\wfm-test-H35Xaj: Command failed: git branch --show-current
2026-06-23T08:09:10 [WARN] Failed to determine git ref in C:\Users\user\AppData\Local\Temp\wfm-test-gedC8a: Command failed: git branch --show-current
2026-06-23T08:09:10 [WARN] Failed to determine git ref in C:\Users\user\AppData\Local\Temp\wfm-test-Q1riIg: Command failed: git branch --show-current
2026-06-23T08:09:10 [WARN] Failed to determine git ref in C:\Users\user\AppData\Local\Temp\wfm-test-jUhS5u: Command failed: git branch --show-current
2026-06-23T08:09:13 [WARN] Failed to determine git ref in C:\Users\user\AppData\Local\Temp\wfm-test-Pk69uC: Command failed: git branch --show-current
2026-06-23T08:09:13 [WARN] Failed to determine git ref in D:\project\pipowers: not a repo
2026-06-23T08:09:17 [WARN] Failed to determine git ref in D:\project\pipowers: not a git repo
2026-06-23T08:09:27 [WARN] Failed to determine git ref in C:\Users\user\AppData\Local\Temp\wfm-test-AhUCaR: Command failed: git branch --show-current
2026-06-23T08:09:27 [WARN] Failed to determine git ref in C:\Users\user\AppData\Local\Temp\wfm-test-AxypZ7: Command failed: git branch --show-current
2026-06-23T08:09:28 [WARN] Failed to determine git ref in C:\Users\user\AppData\Local\Temp\wfm-test-PqPqIu: Command failed: git branch --show-current
2026-06-23T08:09:28 [WARN] Failed to determine git ref in C:\Users\user\AppData\Local\Temp\wfm-test-UwapRO: Command failed: git branch --show-current
2026-06-23T08:09:28 [WARN] Failed to determine git ref in C:\Users\user\AppData\Local\Temp\wfm-test-F0aNFO: Command failed: git branch --show-current
2026-06-23T08:12:36 [WARN] Failed to determine git ref in C:\Users\user\AppData\Local\Temp\wfm-test-RBuDdK: Command failed: git branch --show-current
2026-06-23T08:17:56 [WARN] Failed to determine git ref in C:\Users\user\AppData\Local\Temp\wfm-test-nGCd9J: Command failed: git branch --show-current
2026-06-23T08:17:56 [WARN] Failed to determine git ref in C:\Users\user\AppData\Local\Temp\wfm-test-IMBAHz: Command failed: git branch --show-current
2026-06-23T08:17:56 [WARN] Failed to determine git ref in C:\Users\user\AppData\Local\Temp\wfm-test-p6DRoq: Command failed: git branch --show-current
2026-06-23T08:17:56 [WARN] Failed to determine git ref in C:\Users\user\AppData\Local\Temp\wfm-test-re43GN: Command failed: git branch --show-current
2026-06-23T08:18:06 [WARN] Failed to determine git ref in C:\Users\user\AppData\Local\Temp\wfm-test-kYgYuO: Command failed: git branch --show-current
2026-06-23T08:18:06 [WARN] Failed to determine git ref in C:\Users\user\AppData\Local\Temp\wfm-test-yMImVW: Command failed: git branch --show-current
2026-06-23T08:18:06 [WARN] Failed to determine git ref in C:\Users\user\AppData\Local\Temp\wfm-test-s7OxCK: Command failed: git branch --show-current
2026-06-23T08:18:06 [WARN] Failed to determine git ref in C:\Users\user\AppData\Local\Temp\wfm-test-IQ5hsD: Command failed: git branch --show-current
2026-06-23T08:19:20 [WARN] Failed to determine git ref in C:\Users\user\AppData\Local\Temp\wfm-test-B2Ujmu: Command failed: git branch --show-current
2026-06-23T08:19:20 [WARN] Failed to determine git ref in C:\Users\user\AppData\Local\Temp\wfm-test-ntBhmq: Command failed: git branch --show-current
2026-06-23T08:19:20 [WARN] Failed to determine git ref in C:\Users\user\AppData\Local\Temp\wfm-test-MNCGYu: Command failed: git branch --show-current
2026-06-23T08:19:20 [WARN] Failed to determine git ref in C:\Users\user\AppData\Local\Temp\wfm-test-iVjDwW: Command failed: git branch --show-current
2026-06-23T08:19:20 [WARN] Failed to determine git ref in C:\Users\user\AppData\Local\Temp\wfm-test-bqGGBI: Command failed: git branch --show-current
2026-06-23T08:21:30 [WARN] Failed to load reference "tdd-rationalizations" from D:\project\pipowers\skills\test-driven-development\reference\rationalizations.md: ENOENT: no such file or directory, open 'D:\project\pipowers\skills\test-driven-development\reference\rationalizations.md'
2026-06-23T08:21:30 [WARN] Failed to load reference "tdd-anti-patterns" from D:\project\pipowers\skills\test-driven-development\testing-anti-patterns.md: ENOENT: no such file or directory, open 'D:\project\pipowers\skills\test-driven-development\testing-anti-patterns.md'
2026-06-23T08:21:30 [WARN] Failed to load reference "tdd-examples" from D:\project\pipowers\skills\test-driven-development\reference\examples.md: ENOENT: no such file or directory, open 'D:\project\pipowers\skills\test-driven-development\reference\examples.md'
2026-06-23T08:21:31 [WARN] Failed to load reference "tdd-when-stuck" from D:\project\pipowers\skills\test-driven-development\reference\when-stuck.md: ENOENT: no such file or directory, open 'D:\project\pipowers\skills\test-driven-development\reference\when-stuck.md'
2026-06-23T08:21:31 [WARN] Failed to load reference "debug-rationalizations" from D:\project\pipowers\skills\systematic-debugging\reference\rationalizations.md: ENOENT: no such file or directory, open 'D:\project\pipowers\skills\systematic-debugging\reference\rationalizations.md'
2026-06-23T08:21:31 [WARN] Failed to load reference "debug-tracing" from D:\project\pipowers\skills\systematic-debugging\root-cause-tracing.md: ENOENT: no such file or directory, open 'D:\project\pipowers\skills\systematic-debugging\root-cause-tracing.md'
2026-06-23T08:21:31 [WARN] Failed to load reference "debug-defense-in-depth" from D:\project\pipowers\skills\systematic-debugging\defense-in-depth.md: ENOENT: no such file or directory, open 'D:\project\pipowers\skills\systematic-debugging\defense-in-depth.md'
2026-06-23T08:21:31 [WARN] Failed to load reference "debug-condition-waiting" from D:\project\pipowers\skills\systematic-debugging\condition-based-waiting.md: ENOENT: no such file or directory, open 'D:\project\pipowers\skills\systematic-debugging\condition-based-waiting.md'
2026-06-23T08:21:32 [WARN] Failed to determine git ref in C:\Users\user\AppData\Local\Temp\wfm-test-IkxXyU: Command failed: git branch --show-current
2026-06-23T08:21:33 [WARN] Failed to determine git ref in C:\Users\user\AppData\Local\Temp\wfm-test-bfEWNs: Command failed: git branch --show-current
2026-06-23T08:21:33 [WARN] Failed to determine git ref in C:\Users\user\AppData\Local\Temp\wfm-test-7CCTCz: Command failed: git branch --show-current
2026-06-23T08:21:33 [WARN] Failed to determine git ref in C:\Users\user\AppData\Local\Temp\wfm-test-Unmkbf: Command failed: git branch --show-current
2026-06-23T08:21:33 [WARN] Failed to determine git ref in C:\Users\user\AppData\Local\Temp\wfm-test-8nD7F7: Command failed: git branch --show-current
2026-06-23T08:21:33 [WARN] Failed to determine git ref in C:\Users\user\AppData\Local\Temp\wfm-test-dOPTck: Command failed: git branch --show-current
2026-06-23T08:21:33 [WARN] Failed to determine git ref in C:\Users\user\AppData\Local\Temp\wfm-test-2w4BKP: Command failed: git branch --show-current
2026-06-23T08:21:35 [WARN] Failed to read C:\Users\user\AppData\Local\Temp\wfm-test-UghcDq\.pi\pipowers-state.json: Unexpected token 'o', "not valid json{{{" is not valid JSON
2026-06-23T08:21:35 [WARN] Failed to determine git ref in C:\Users\user\AppData\Local\Temp\wfm-test-2VxCj9: Command failed: git branch --show-current
2026-06-23T08:21:35 [WARN] Failed to determine git ref in C:\Users\user\AppData\Local\Temp\wfm-test-J5EfX0: Command failed: git branch --show-current
2026-06-23T08:21:38 [WARN] Failed to determine git ref in C:\Users\user\AppData\Local\Temp\wfm-test-x1iV3Q: Command failed: git branch --show-current
2026-06-23T08:21:40 [WARN] Failed to determine git ref in D:\project\pipowers: not a repo
2026-06-23T08:21:43 [WARN] Failed to determine git ref in D:\project\pipowers: not a git repo
2026-06-23T08:21:51 [WARN] Failed to load reference "tdd-rationalizations" from D:\project\pipowers\skills\test-driven-development\reference\rationalizations.md: ENOENT: no such file or directory, open 'D:\project\pipowers\skills\test-driven-development\reference\rationalizations.md'
2026-06-23T08:21:51 [WARN] Failed to load reference "tdd-anti-patterns" from D:\project\pipowers\skills\test-driven-development\testing-anti-patterns.md: ENOENT: no such file or directory, open 'D:\project\pipowers\skills\test-driven-development\testing-anti-patterns.md'
2026-06-23T08:21:51 [WARN] Failed to load reference "tdd-examples" from D:\project\pipowers\skills\test-driven-development\reference\examples.md: ENOENT: no such file or directory, open 'D:\project\pipowers\skills\test-driven-development\reference\examples.md'
2026-06-23T08:21:51 [WARN] Failed to load reference "tdd-when-stuck" from D:\project\pipowers\skills\test-driven-development\reference\when-stuck.md: ENOENT: no such file or directory, open 'D:\project\pipowers\skills\test-driven-development\reference\when-stuck.md'
2026-06-23T08:21:51 [WARN] Failed to load reference "debug-rationalizations" from D:\project\pipowers\skills\systematic-debugging\reference\rationalizations.md: ENOENT: no such file or directory, open 'D:\project\pipowers\skills\systematic-debugging\reference\rationalizations.md'
2026-06-23T08:21:51 [WARN] Failed to load reference "debug-tracing" from D:\project\pipowers\skills\systematic-debugging\root-cause-tracing.md: ENOENT: no such file or directory, open 'D:\project\pipowers\skills\systematic-debugging\root-cause-tracing.md'
2026-06-23T08:21:51 [WARN] Failed to load reference "debug-defense-in-depth" from D:\project\pipowers\skills\systematic-debugging\defense-in-depth.md: ENOENT: no such file or directory, open 'D:\project\pipowers\skills\systematic-debugging\defense-in-depth.md'
2026-06-23T08:21:51 [WARN] Failed to load reference "debug-condition-waiting" from D:\project\pipowers\skills\systematic-debugging\condition-based-waiting.md: ENOENT: no such file or directory, open 'D:\project\pipowers\skills\systematic-debugging\condition-based-waiting.md'
2026-06-23T08:21:53 [WARN] Failed to determine git ref in C:\Users\user\AppData\Local\Temp\wfm-test-u8wnGg: Command failed: git branch --show-current
2026-06-23T08:21:53 [WARN] Failed to determine git ref in C:\Users\user\AppData\Local\Temp\wfm-test-DQB7Zy: Command failed: git branch --show-current
2026-06-23T08:21:54 [WARN] Failed to determine git ref in C:\Users\user\AppData\Local\Temp\wfm-test-ig1ZTM: Command failed: git branch --show-current
2026-06-23T08:21:54 [WARN] Failed to determine git ref in C:\Users\user\AppData\Local\Temp\wfm-test-iCXHJl: Command failed: git branch --show-current
2026-06-23T08:21:54 [WARN] Failed to determine git ref in C:\Users\user\AppData\Local\Temp\wfm-test-hJyOmE: Command failed: git branch --show-current
2026-06-23T08:21:54 [WARN] Failed to determine git ref in C:\Users\user\AppData\Local\Temp\wfm-test-zfMnXg: Command failed: git branch --show-current
2026-06-23T08:21:54 [WARN] Failed to determine git ref in C:\Users\user\AppData\Local\Temp\wfm-test-DIwPoq: Command failed: git branch --show-current
2026-06-23T08:21:56 [WARN] Failed to read C:\Users\user\AppData\Local\Temp\wfm-test-gpVyMW\.pi\pipowers-state.json: Unexpected token 'o', "not valid json{{{" is not valid JSON
2026-06-23T08:21:56 [WARN] Failed to determine git ref in C:\Users\user\AppData\Local\Temp\wfm-test-ZXLF34: Command failed: git branch --show-current
2026-06-23T08:21:57 [WARN] Failed to determine git ref in C:\Users\user\AppData\Local\Temp\wfm-test-ZIy1qU: Command failed: git branch --show-current
2026-06-23T08:21:59 [WARN] Failed to determine git ref in C:\Users\user\AppData\Local\Temp\wfm-test-5hWYyD: Command failed: git branch --show-current
2026-06-23T08:22:01 [WARN] Failed to determine git ref in D:\project\pipowers: not a git repo
2026-06-23T08:22:02 [WARN] Failed to determine git ref in D:\project\pipowers: not a repo
2026-06-23T08:22:19 [WARN] Failed to determine git ref in C:\Users\user\AppData\Local\Temp\wfm-test-A9eiwr: Command failed: git branch --show-current
2026-06-23T08:22:19 [WARN] Failed to determine git ref in C:\Users\user\AppData\Local\Temp\wfm-test-SsqzXf: Command failed: git branch --show-current
2026-06-23T08:22:20 [WARN] Failed to determine git ref in C:\Users\user\AppData\Local\Temp\wfm-test-7Xkm0l: Command failed: git branch --show-current
2026-06-23T08:22:20 [WARN] Failed to determine git ref in C:\Users\user\AppData\Local\Temp\wfm-test-zVmW4W: Command failed: git branch --show-current
2026-06-23T08:22:20 [WARN] Failed to determine git ref in C:\Users\user\AppData\Local\Temp\wfm-test-yvMDQ6: Command failed: git branch --show-current
2026-06-23T08:22:20 [WARN] Failed to determine git ref in C:\Users\user\AppData\Local\Temp\wfm-test-yO5efx: Command failed: git branch --show-current
2026-06-23T08:22:23 [WARN] Failed to determine git ref in C:\Users\user\AppData\Local\Temp\wfm-test-giKQER: Command failed: git branch --show-current
2026-06-23T08:22:23 [WARN] Failed to determine git ref in C:\Users\user\AppData\Local\Temp\wfm-test-cZJRaq: Command failed: git branch --show-current
2026-06-23T08:22:24 [WARN] Failed to read C:\Users\user\AppData\Local\Temp\wfm-test-Su45LB\.pi\pipowers-state.json: Unexpected token 'o', "not valid json{{{" is not valid JSON
2026-06-23T08:22:24 [WARN] Failed to determine git ref in C:\Users\user\AppData\Local\Temp\wfm-test-VMbVsb: Command failed: git branch --show-current
2026-06-23T08:22:27 [WARN] Failed to determine git ref in C:\Users\user\AppData\Local\Temp\wfm-test-t1tFrz: Command failed: git branch --show-current
2026-06-23T08:22:30 [WARN] Failed to determine git ref in D:\project\pipowers: not a repo
2026-06-23T08:22:33 [WARN] Failed to determine git ref in D:\project\pipowers: not a git repo
2026-06-23T08:22:45 [WARN] Failed to determine git ref in C:\Users\user\AppData\Local\Temp\wfm-test-cjmPAO: Command failed: git branch --show-current
2026-06-23T08:22:45 [WARN] Failed to determine git ref in C:\Users\user\AppData\Local\Temp\wfm-test-cuUfX4: Command failed: git branch --show-current
2026-06-23T08:22:45 [WARN] Failed to determine git ref in C:\Users\user\AppData\Local\Temp\wfm-test-xRnfBu: Command failed: git branch --show-current
2026-06-23T08:22:45 [WARN] Failed to determine git ref in C:\Users\user\AppData\Local\Temp\wfm-test-zDzmAn: Command failed: git branch --show-current
2026-06-23T08:22:45 [WARN] Failed to determine git ref in C:\Users\user\AppData\Local\Temp\wfm-test-WL3RDI: Command failed: git branch --show-current
2026-06-23T08:22:47 [WARN] Failed to determine git ref in C:\Users\user\AppData\Local\Temp\wfm-test-CCSdCA: Command failed: git branch --show-current
2026-06-23T08:22:48 [WARN] Failed to determine git ref in C:\Users\user\AppData\Local\Temp\wfm-test-MQBKMF: Command failed: git branch --show-current
2026-06-23T08:22:48 [WARN] Failed to determine git ref in C:\Users\user\AppData\Local\Temp\wfm-test-p2llzg: Command failed: git branch --show-current
2026-06-23T08:22:48 [WARN] Failed to read C:\Users\user\AppData\Local\Temp\wfm-test-VWt77F\.pi\pipowers-state.json: Unexpected token 'o', "not valid json{{{" is not valid JSON
2026-06-23T08:22:48 [WARN] Failed to determine git ref in C:\Users\user\AppData\Local\Temp\wfm-test-Hd4Ve9: Command failed: git branch --show-current
2026-06-23T08:22:50 [WARN] Failed to determine git ref in C:\Users\user\AppData\Local\Temp\wfm-test-B8p0Th: Command failed: git branch --show-current
2026-06-23T08:22:51 [ERROR] Failed to parse C:\Users\user\AppData\Local\Temp\pipowers-home-8x6z03\.pi\agent\pipowers.toml: Invalid TOML document: only letter, numbers, dashes and underscores are allowed in keys

1:  this is = not valid toml [[[
    ^
. Using defaults.
2026-06-23T08:22:53 [WARN] Failed to determine git ref in D:\project\pipowers: not a repo
2026-06-23T08:22:56 [WARN] Failed to determine git ref in D:\project\pipowers: not a git repo
2026-06-23T08:23:09 [WARN] Failed to determine git ref in C:\Users\user\AppData\Local\Temp\wfm-test-xRcSCm: Command failed: git branch --show-current
2026-06-23T08:23:09 [WARN] Failed to determine git ref in C:\Users\user\AppData\Local\Temp\wfm-test-qxCHGt: Command failed: git branch --show-current
2026-06-23T08:23:09 [WARN] Failed to determine git ref in C:\Users\user\AppData\Local\Temp\wfm-test-DD0P4z: Command failed: git branch --show-current
2026-06-23T08:23:09 [WARN] Failed to determine git ref in C:\Users\user\AppData\Local\Temp\wfm-test-aTklBu: Command failed: git branch --show-current
2026-06-23T08:23:09 [WARN] Failed to determine git ref in C:\Users\user\AppData\Local\Temp\wfm-test-7bRs25: Command failed: git branch --show-current
2026-06-23T08:23:10 [WARN] Failed to determine git ref in C:\Users\user\AppData\Local\Temp\wfm-test-HSjQag: Command failed: git branch --show-current
2026-06-23T08:23:10 [WARN] Failed to determine git ref in C:\Users\user\AppData\Local\Temp\wfm-test-65dfVx: Command failed: git branch --show-current
2026-06-23T08:23:12 [WARN] Failed to determine git ref in C:\Users\user\AppData\Local\Temp\wfm-test-JBz1Fh: Command failed: git branch --show-current
2026-06-23T08:23:12 [ERROR] Failed to parse C:\Users\user\AppData\Local\Temp\pipowers-home-7caFMo\.pi\agent\pipowers.toml: Invalid TOML document: only letter, numbers, dashes and underscores are allowed in keys

1:  this is = not valid toml [[[
    ^
. Using defaults.
2026-06-23T08:23:12 [WARN] Failed to read C:\Users\user\AppData\Local\Temp\wfm-test-J5k3qa\.pi\pipowers-state.json: Unexpected token 'o', "not valid json{{{" is not valid JSON
2026-06-23T08:23:13 [WARN] Failed to determine git ref in C:\Users\user\AppData\Local\Temp\wfm-test-6QR7mp: Command failed: git branch --show-current
2026-06-23T08:23:15 [WARN] Failed to determine git ref in C:\Users\user\AppData\Local\Temp\wfm-test-1MWPWY: Command failed: git branch --show-current
2026-06-23T08:23:17 [WARN] Failed to determine git ref in D:\project\pipowers: not a repo
2026-06-23T08:23:21 [WARN] Failed to determine git ref in D:\project\pipowers: not a git repo
2026-06-23T08:23:35 [WARN] Failed to determine git ref in C:\Users\user\AppData\Local\Temp\wfm-test-MCjiYS: Command failed: git branch --show-current
2026-06-23T08:23:35 [WARN] Failed to determine git ref in C:\Users\user\AppData\Local\Temp\wfm-test-c0qZyB: Command failed: git branch --show-current
2026-06-23T08:23:35 [WARN] Failed to determine git ref in C:\Users\user\AppData\Local\Temp\wfm-test-WDYA3y: Command failed: git branch --show-current
2026-06-23T08:23:35 [WARN] Failed to determine git ref in C:\Users\user\AppData\Local\Temp\wfm-test-VT8mmy: Command failed: git branch --show-current
2026-06-23T08:23:35 [WARN] Failed to determine git ref in C:\Users\user\AppData\Local\Temp\wfm-test-hQwNqr: Command failed: git branch --show-current
2026-06-23T08:23:35 [WARN] Failed to determine git ref in C:\Users\user\AppData\Local\Temp\wfm-test-WSQvH3: Command failed: git branch --show-current
2026-06-23T08:23:35 [WARN] Failed to determine git ref in C:\Users\user\AppData\Local\Temp\wfm-test-lZDKOg: Command failed: git branch --show-current
2026-06-23T08:23:37 [WARN] Failed to read C:\Users\user\AppData\Local\Temp\wfm-test-PLHTGY\.pi\pipowers-state.json: Unexpected token 'o', "not valid json{{{" is not valid JSON
2026-06-23T08:23:37 [WARN] Failed to determine git ref in C:\Users\user\AppData\Local\Temp\wfm-test-NX330z: Command failed: git branch --show-current
2026-06-23T08:23:38 [ERROR] Failed to parse C:\Users\user\AppData\Local\Temp\pipowers-home-pRPaTw\.pi\agent\pipowers.toml: Invalid TOML document: only letter, numbers, dashes and underscores are allowed in keys

1:  this is = not valid toml [[[
    ^
. Using defaults.
2026-06-23T08:23:38 [WARN] Failed to determine git ref in C:\Users\user\AppData\Local\Temp\wfm-test-N5nOW3: Command failed: git branch --show-current
2026-06-23T08:23:40 [WARN] Failed to determine git ref in C:\Users\user\AppData\Local\Temp\wfm-test-XFHvHv: Command failed: git branch --show-current
2026-06-23T08:23:42 [WARN] Failed to determine git ref in D:\project\pipowers: not a repo
2026-06-23T08:23:45 [WARN] Failed to determine git ref in D:\project\pipowers: not a git repo
2026-06-23T08:26:18 [WARN] Failed to determine git ref in C:\Users\user\AppData\Local\Temp\wfm-test-g0gUSt: Command failed: git branch --show-current
2026-06-23T08:26:18 [WARN] Failed to determine git ref in C:\Users\user\AppData\Local\Temp\wfm-test-1k7vhG: Command failed: git branch --show-current
2026-06-23T08:26:18 [WARN] Failed to determine git ref in C:\Users\user\AppData\Local\Temp\wfm-test-zdC7iD: Command failed: git branch --show-current
2026-06-23T08:26:18 [WARN] Failed to determine git ref in C:\Users\user\AppData\Local\Temp\wfm-test-9mNDmo: Command failed: git branch --show-current
2026-06-23T08:26:18 [WARN] Failed to determine git ref in C:\Users\user\AppData\Local\Temp\wfm-test-TzAsE6: Command failed: git branch --show-current
2026-06-23T08:26:38 [WARN] Failed to determine git ref in C:\Users\user\AppData\Local\Temp\wfm-test-1Ur2Pe: Command failed: git branch --show-current
2026-06-23T08:26:38 [WARN] Failed to determine git ref in C:\Users\user\AppData\Local\Temp\wfm-test-jphBUQ: Command failed: git branch --show-current
2026-06-23T08:26:38 [WARN] Failed to determine git ref in C:\Users\user\AppData\Local\Temp\wfm-test-qThk58: Command failed: git branch --show-current
2026-06-23T08:26:38 [WARN] Failed to determine git ref in C:\Users\user\AppData\Local\Temp\wfm-test-RwK6GG: Command failed: git branch --show-current
2026-06-23T08:26:38 [WARN] Failed to determine git ref in C:\Users\user\AppData\Local\Temp\wfm-test-7HXVqa: Command failed: git branch --show-current
2026-06-23T08:26:39 [WARN] Failed to determine git ref in C:\Users\user\AppData\Local\Temp\wfm-test-W0ymvW: Command failed: git branch --show-current
2026-06-23T08:26:39 [WARN] Failed to determine git ref in C:\Users\user\AppData\Local\Temp\wfm-test-NPy1fP: Command failed: git branch --show-current
2026-06-23T08:26:41 [WARN] Failed to determine git ref in C:\Users\user\AppData\Local\Temp\wfm-test-8s5Uz8: Command failed: git branch --show-current
2026-06-23T08:26:41 [WARN] Failed to read C:\Users\user\AppData\Local\Temp\wfm-test-Gtvy2z\.pi\pipowers-state.json: Unexpected token 'o', "not valid json{{{" is not valid JSON
2026-06-23T08:26:41 [WARN] Failed to determine git ref in C:\Users\user\AppData\Local\Temp\wfm-test-hDHbVQ: Command failed: git branch --show-current
2026-06-23T08:26:44 [WARN] Failed to determine git ref in C:\Users\user\AppData\Local\Temp\wfm-test-yOx7X1: Command failed: git branch --show-current
2026-06-23T08:26:47 [WARN] Failed to determine git ref in D:\project\pipowers: not a repo
2026-06-23T08:26:49 [WARN] Failed to determine git ref in D:\project\pipowers: not a git repo
2026-06-23T08:31:58 [WARN] Failed to determine git ref in C:\Users\user\AppData\Local\Temp\wfm-test-ZOfUxT: Command failed: git branch --show-current
2026-06-23T08:31:58 [WARN] Failed to determine git ref in C:\Users\user\AppData\Local\Temp\wfm-test-nZia2q: Command failed: git branch --show-current
2026-06-23T08:31:58 [WARN] Failed to determine git ref in C:\Users\user\AppData\Local\Temp\wfm-test-kqs04j: Command failed: git branch --show-current
2026-06-23T08:31:58 [WARN] Failed to determine git ref in C:\Users\user\AppData\Local\Temp\wfm-test-VSyeMU: Command failed: git branch --show-current
2026-06-23T08:31:58 [WARN] Failed to determine git ref in C:\Users\user\AppData\Local\Temp\wfm-test-wlyFQE: Command failed: git branch --show-current
2026-06-23T08:31:58 [WARN] Failed to determine git ref in C:\Users\user\AppData\Local\Temp\wfm-test-YCdpUf: Command failed: git branch --show-current
2026-06-23T08:31:58 [WARN] Failed to determine git ref in C:\Users\user\AppData\Local\Temp\wfm-test-5VF3NT: Command failed: git branch --show-current
2026-06-23T08:32:00 [WARN] Failed to read C:\Users\user\AppData\Local\Temp\wfm-test-3LMx8h\.pi\pipowers-state.json: Unexpected token 'o', "not valid json{{{" is not valid JSON
2026-06-23T08:32:00 [WARN] Failed to determine git ref in C:\Users\user\AppData\Local\Temp\wfm-test-KXQugj: Command failed: git branch --show-current
2026-06-23T08:32:00 [WARN] Failed to determine git ref in C:\Users\user\AppData\Local\Temp\wfm-test-H4wf4U: Command failed: git branch --show-current
2026-06-23T08:32:03 [WARN] Failed to determine git ref in C:\Users\user\AppData\Local\Temp\wfm-test-73lAMN: Command failed: git branch --show-current
2026-06-23T08:32:05 [WARN] Failed to determine git ref in D:\project\pipowers: not a repo
2026-06-23T08:32:07 [WARN] Failed to determine git ref in D:\project\pipowers: not a git repo
2026-06-23T08:39:54 [WARN] Failed to load reference "tdd-rationalizations" from D:\project\pipowers\skills\test-driven-development\reference\rationalizations.md: ENOENT: no such file or directory, open 'D:\project\pipowers\skills\test-driven-development\reference\rationalizations.md'
2026-06-23T08:39:54 [WARN] Failed to load reference "tdd-anti-patterns" from D:\project\pipowers\skills\test-driven-development\testing-anti-patterns.md: ENOENT: no such file or directory, open 'D:\project\pipowers\skills\test-driven-development\testing-anti-patterns.md'
2026-06-23T08:39:54 [WARN] Failed to load reference "tdd-examples" from D:\project\pipowers\skills\test-driven-development\reference\examples.md: ENOENT: no such file or directory, open 'D:\project\pipowers\skills\test-driven-development\reference\examples.md'
2026-06-23T08:39:54 [WARN] Failed to load reference "tdd-when-stuck" from D:\project\pipowers\skills\test-driven-development\reference\when-stuck.md: ENOENT: no such file or directory, open 'D:\project\pipowers\skills\test-driven-development\reference\when-stuck.md'
2026-06-23T08:39:54 [WARN] Failed to load reference "debug-rationalizations" from D:\project\pipowers\skills\systematic-debugging\reference\rationalizations.md: ENOENT: no such file or directory, open 'D:\project\pipowers\skills\systematic-debugging\reference\rationalizations.md'
2026-06-23T08:39:54 [WARN] Failed to load reference "debug-tracing" from D:\project\pipowers\skills\systematic-debugging\root-cause-tracing.md: ENOENT: no such file or directory, open 'D:\project\pipowers\skills\systematic-debugging\root-cause-tracing.md'
2026-06-23T08:39:54 [WARN] Failed to load reference "debug-defense-in-depth" from D:\project\pipowers\skills\systematic-debugging\defense-in-depth.md: ENOENT: no such file or directory, open 'D:\project\pipowers\skills\systematic-debugging\defense-in-depth.md'
2026-06-23T08:39:54 [WARN] Failed to load reference "debug-condition-waiting" from D:\project\pipowers\skills\systematic-debugging\condition-based-waiting.md: ENOENT: no such file or directory, open 'D:\project\pipowers\skills\systematic-debugging\condition-based-waiting.md'
2026-06-23T08:39:59 [WARN] Failed to determine git ref in C:\Users\user\AppData\Local\Temp\wfm-test-mMJrXl: Command failed: git branch --show-current
2026-06-23T08:39:59 [WARN] Failed to determine git ref in C:\Users\user\AppData\Local\Temp\wfm-test-8T6sgD: Command failed: git branch --show-current
2026-06-23T08:39:59 [WARN] Failed to determine git ref in C:\Users\user\AppData\Local\Temp\wfm-test-N9V29I: Command failed: git branch --show-current
2026-06-23T08:39:59 [WARN] Failed to determine git ref in C:\Users\user\AppData\Local\Temp\wfm-test-VKZaFA: Command failed: git branch --show-current
2026-06-23T08:39:59 [WARN] Failed to determine git ref in C:\Users\user\AppData\Local\Temp\wfm-test-fM7HwJ: Command failed: git branch --show-current
2026-06-23T08:39:59 [WARN] Failed to determine git ref in C:\Users\user\AppData\Local\Temp\wfm-test-VbvYKx: Command failed: git branch --show-current
2026-06-23T08:39:59 [WARN] Failed to determine git ref in C:\Users\user\AppData\Local\Temp\wfm-test-HhEmsC: Command failed: git branch --show-current
2026-06-23T08:40:02 [WARN] Failed to read C:\Users\user\AppData\Local\Temp\wfm-test-mtZVw6\.pi\pipowers-state.json: Unexpected token 'o', "not valid json{{{" is not valid JSON
2026-06-23T08:40:02 [WARN] Failed to determine git ref in C:\Users\user\AppData\Local\Temp\wfm-test-ypVJ7j: Command failed: git branch --show-current
2026-06-23T08:40:02 [ERROR] Failed to parse C:\Users\user\AppData\Local\Temp\pipowers-home-EXjGK1\.pi\agent\pipowers.toml: Invalid TOML document: only letter, numbers, dashes and underscores are allowed in keys

1:  this is = not valid toml [[[
    ^
. Using defaults.
2026-06-23T08:40:02 [WARN] Failed to determine git ref in C:\Users\user\AppData\Local\Temp\wfm-test-XMXKer: Command failed: git branch --show-current
2026-06-23T08:40:05 [WARN] Failed to determine git ref in C:\Users\user\AppData\Local\Temp\wfm-test-5v1nml: Command failed: git branch --show-current
2026-06-23T08:40:07 [WARN] Failed to determine git ref in D:\project\pipowers: not a repo
2026-06-23T08:40:10 [WARN] Failed to determine git ref in D:\project\pipowers: not a git repo
2026-06-23T08:42:11 [WARN] Failed to load reference "tdd-rationalizations" from D:\project\pipowers\skills\test-driven-development\reference\rationalizations.md: ENOENT: no such file or directory, open 'D:\project\pipowers\skills\test-driven-development\reference\rationalizations.md'
2026-06-23T08:42:11 [WARN] Failed to load reference "tdd-anti-patterns" from D:\project\pipowers\skills\test-driven-development\testing-anti-patterns.md: ENOENT: no such file or directory, open 'D:\project\pipowers\skills\test-driven-development\testing-anti-patterns.md'
2026-06-23T08:42:11 [WARN] Failed to load reference "tdd-examples" from D:\project\pipowers\skills\test-driven-development\reference\examples.md: ENOENT: no such file or directory, open 'D:\project\pipowers\skills\test-driven-development\reference\examples.md'
2026-06-23T08:42:11 [WARN] Failed to load reference "tdd-when-stuck" from D:\project\pipowers\skills\test-driven-development\reference\when-stuck.md: ENOENT: no such file or directory, open 'D:\project\pipowers\skills\test-driven-development\reference\when-stuck.md'
2026-06-23T08:42:11 [WARN] Failed to load reference "debug-rationalizations" from D:\project\pipowers\skills\systematic-debugging\reference\rationalizations.md: ENOENT: no such file or directory, open 'D:\project\pipowers\skills\systematic-debugging\reference\rationalizations.md'
2026-06-23T08:42:11 [WARN] Failed to load reference "debug-tracing" from D:\project\pipowers\skills\systematic-debugging\root-cause-tracing.md: ENOENT: no such file or directory, open 'D:\project\pipowers\skills\systematic-debugging\root-cause-tracing.md'
2026-06-23T08:42:11 [WARN] Failed to load reference "debug-defense-in-depth" from D:\project\pipowers\skills\systematic-debugging\defense-in-depth.md: ENOENT: no such file or directory, open 'D:\project\pipowers\skills\systematic-debugging\defense-in-depth.md'
2026-06-23T08:42:11 [WARN] Failed to load reference "debug-condition-waiting" from D:\project\pipowers\skills\systematic-debugging\condition-based-waiting.md: ENOENT: no such file or directory, open 'D:\project\pipowers\skills\systematic-debugging\condition-based-waiting.md'
2026-06-23T08:42:16 [WARN] Failed to determine git ref in C:\Users\user\AppData\Local\Temp\wfm-test-RwbFdn: Command failed: git branch --show-current
2026-06-23T08:42:16 [WARN] Failed to determine git ref in C:\Users\user\AppData\Local\Temp\wfm-test-0GXntO: Command failed: git branch --show-current
2026-06-23T08:42:16 [WARN] Failed to determine git ref in C:\Users\user\AppData\Local\Temp\wfm-test-2TncPY: Command failed: git branch --show-current
2026-06-23T08:42:16 [WARN] Failed to determine git ref in C:\Users\user\AppData\Local\Temp\wfm-test-mryD2r: Command failed: git branch --show-current
2026-06-23T08:42:16 [WARN] Failed to determine git ref in C:\Users\user\AppData\Local\Temp\wfm-test-mul0hp: Command failed: git branch --show-current
2026-06-23T08:42:16 [WARN] Failed to determine git ref in C:\Users\user\AppData\Local\Temp\wfm-test-MCQZPl: Command failed: git branch --show-current
2026-06-23T08:42:16 [WARN] Failed to determine git ref in C:\Users\user\AppData\Local\Temp\wfm-test-2Leinq: Command failed: git branch --show-current
2026-06-23T08:42:17 [ERROR] Failed to parse C:\Users\user\AppData\Local\Temp\pipowers-home-phpUoP\.pi\agent\pipowers.toml: Invalid TOML document: only letter, numbers, dashes and underscores are allowed in keys

1:  this is = not valid toml [[[
    ^
. Using defaults.
2026-06-23T08:42:19 [WARN] Failed to determine git ref in C:\Users\user\AppData\Local\Temp\wfm-test-SswFUT: Command failed: git branch --show-current
2026-06-23T08:42:20 [WARN] Failed to read C:\Users\user\AppData\Local\Temp\wfm-test-q0juzu\.pi\pipowers-state.json: Unexpected token 'o', "not valid json{{{" is not valid JSON
2026-06-23T08:42:20 [WARN] Failed to determine git ref in C:\Users\user\AppData\Local\Temp\wfm-test-7hroGa: Command failed: git branch --show-current
2026-06-23T08:42:22 [WARN] Failed to determine git ref in C:\Users\user\AppData\Local\Temp\wfm-test-AT3aKA: Command failed: git branch --show-current
2026-06-23T08:42:24 [WARN] Failed to determine git ref in D:\project\pipowers: not a repo
2026-06-23T08:42:27 [WARN] Failed to determine git ref in D:\project\pipowers: not a git repo
2026-06-23T08:42:37 [WARN] Failed to load reference "tdd-rationalizations" from D:\project\pipowers\skills\test-driven-development\reference\rationalizations.md: ENOENT: no such file or directory, open 'D:\project\pipowers\skills\test-driven-development\reference\rationalizations.md'
2026-06-23T08:42:37 [WARN] Failed to load reference "tdd-anti-patterns" from D:\project\pipowers\skills\test-driven-development\testing-anti-patterns.md: ENOENT: no such file or directory, open 'D:\project\pipowers\skills\test-driven-development\testing-anti-patterns.md'
2026-06-23T08:42:37 [WARN] Failed to load reference "tdd-examples" from D:\project\pipowers\skills\test-driven-development\reference\examples.md: ENOENT: no such file or directory, open 'D:\project\pipowers\skills\test-driven-development\reference\examples.md'
2026-06-23T08:42:37 [WARN] Failed to load reference "tdd-when-stuck" from D:\project\pipowers\skills\test-driven-development\reference\when-stuck.md: ENOENT: no such file or directory, open 'D:\project\pipowers\skills\test-driven-development\reference\when-stuck.md'
2026-06-23T08:42:37 [WARN] Failed to load reference "debug-rationalizations" from D:\project\pipowers\skills\systematic-debugging\reference\rationalizations.md: ENOENT: no such file or directory, open 'D:\project\pipowers\skills\systematic-debugging\reference\rationalizations.md'
2026-06-23T08:42:37 [WARN] Failed to load reference "debug-tracing" from D:\project\pipowers\skills\systematic-debugging\root-cause-tracing.md: ENOENT: no such file or directory, open 'D:\project\pipowers\skills\systematic-debugging\root-cause-tracing.md'
2026-06-23T08:42:37 [WARN] Failed to load reference "debug-defense-in-depth" from D:\project\pipowers\skills\systematic-debugging\defense-in-depth.md: ENOENT: no such file or directory, open 'D:\project\pipowers\skills\systematic-debugging\defense-in-depth.md'
2026-06-23T08:42:37 [WARN] Failed to load reference "debug-condition-waiting" from D:\project\pipowers\skills\systematic-debugging\condition-based-waiting.md: ENOENT: no such file or directory, open 'D:\project\pipowers\skills\systematic-debugging\condition-based-waiting.md'
2026-06-23T08:42:41 [WARN] Failed to determine git ref in C:\Users\user\AppData\Local\Temp\wfm-test-wadBlD: Command failed: git branch --show-current
2026-06-23T08:42:41 [WARN] Failed to determine git ref in C:\Users\user\AppData\Local\Temp\wfm-test-5xjphH: Command failed: git branch --show-current
2026-06-23T08:42:41 [WARN] Failed to determine git ref in C:\Users\user\AppData\Local\Temp\wfm-test-7GCavb: Command failed: git branch --show-current
2026-06-23T08:42:41 [WARN] Failed to determine git ref in C:\Users\user\AppData\Local\Temp\wfm-test-Lc1jl9: Command failed: git branch --show-current
2026-06-23T08:42:42 [WARN] Failed to determine git ref in C:\Users\user\AppData\Local\Temp\wfm-test-KyVxIS: Command failed: git branch --show-current
2026-06-23T08:42:42 [WARN] Failed to determine git ref in C:\Users\user\AppData\Local\Temp\wfm-test-0iWvKB: Command failed: git branch --show-current
2026-06-23T08:42:42 [WARN] Failed to determine git ref in C:\Users\user\AppData\Local\Temp\wfm-test-y75het: Command failed: git branch --show-current
2026-06-23T08:42:44 [WARN] Failed to read C:\Users\user\AppData\Local\Temp\wfm-test-rl0tpc\.pi\pipowers-state.json: Unexpected token 'o', "not valid json{{{" is not valid JSON
2026-06-23T08:42:44 [WARN] Failed to determine git ref in C:\Users\user\AppData\Local\Temp\wfm-test-12Fln3: Command failed: git branch --show-current
2026-06-23T08:42:45 [ERROR] Failed to parse C:\Users\user\AppData\Local\Temp\pipowers-home-NfllKM\.pi\agent\pipowers.toml: Invalid TOML document: only letter, numbers, dashes and underscores are allowed in keys

1:  this is = not valid toml [[[
    ^
. Using defaults.
2026-06-23T08:42:45 [WARN] Failed to determine git ref in C:\Users\user\AppData\Local\Temp\wfm-test-Lw35Gf: Command failed: git branch --show-current
2026-06-23T08:42:48 [WARN] Failed to determine git ref in C:\Users\user\AppData\Local\Temp\wfm-test-2Zoie3: Command failed: git branch --show-current
2026-06-23T08:42:51 [WARN] Failed to determine git ref in D:\project\pipowers: not a repo
2026-06-23T08:42:53 [WARN] Failed to determine git ref in D:\project\pipowers: not a git repo
2026-06-23T08:43:04 [WARN] Failed to load reference "tdd-rationalizations" from D:\project\pipowers\skills\test-driven-development\reference\rationalizations.md: ENOENT: no such file or directory, open 'D:\project\pipowers\skills\test-driven-development\reference\rationalizations.md'
2026-06-23T08:43:04 [WARN] Failed to load reference "tdd-anti-patterns" from D:\project\pipowers\skills\test-driven-development\testing-anti-patterns.md: ENOENT: no such file or directory, open 'D:\project\pipowers\skills\test-driven-development\testing-anti-patterns.md'
2026-06-23T08:43:04 [WARN] Failed to load reference "tdd-examples" from D:\project\pipowers\skills\test-driven-development\reference\examples.md: ENOENT: no such file or directory, open 'D:\project\pipowers\skills\test-driven-development\reference\examples.md'
2026-06-23T08:43:04 [WARN] Failed to load reference "tdd-when-stuck" from D:\project\pipowers\skills\test-driven-development\reference\when-stuck.md: ENOENT: no such file or directory, open 'D:\project\pipowers\skills\test-driven-development\reference\when-stuck.md'
2026-06-23T08:43:04 [WARN] Failed to load reference "debug-rationalizations" from D:\project\pipowers\skills\systematic-debugging\reference\rationalizations.md: ENOENT: no such file or directory, open 'D:\project\pipowers\skills\systematic-debugging\reference\rationalizations.md'
2026-06-23T08:43:04 [WARN] Failed to load reference "debug-tracing" from D:\project\pipowers\skills\systematic-debugging\root-cause-tracing.md: ENOENT: no such file or directory, open 'D:\project\pipowers\skills\systematic-debugging\root-cause-tracing.md'
2026-06-23T08:43:04 [WARN] Failed to load reference "debug-defense-in-depth" from D:\project\pipowers\skills\systematic-debugging\defense-in-depth.md: ENOENT: no such file or directory, open 'D:\project\pipowers\skills\systematic-debugging\defense-in-depth.md'
2026-06-23T08:43:04 [WARN] Failed to load reference "debug-condition-waiting" from D:\project\pipowers\skills\systematic-debugging\condition-based-waiting.md: ENOENT: no such file or directory, open 'D:\project\pipowers\skills\systematic-debugging\condition-based-waiting.md'
2026-06-23T08:43:08 [WARN] Failed to determine git ref in C:\Users\user\AppData\Local\Temp\wfm-test-NSMF38: Command failed: git branch --show-current
2026-06-23T08:43:08 [WARN] Failed to determine git ref in C:\Users\user\AppData\Local\Temp\wfm-test-vEWqK5: Command failed: git branch --show-current
2026-06-23T08:43:08 [WARN] Failed to determine git ref in C:\Users\user\AppData\Local\Temp\wfm-test-UxWjM4: Command failed: git branch --show-current
2026-06-23T08:43:08 [WARN] Failed to determine git ref in C:\Users\user\AppData\Local\Temp\wfm-test-9oIqRa: Command failed: git branch --show-current
2026-06-23T08:43:08 [WARN] Failed to determine git ref in C:\Users\user\AppData\Local\Temp\wfm-test-ZKWofU: Command failed: git branch --show-current
2026-06-23T08:43:08 [WARN] Failed to determine git ref in C:\Users\user\AppData\Local\Temp\wfm-test-moFTRB: Command failed: git branch --show-current
2026-06-23T08:43:08 [WARN] Failed to determine git ref in C:\Users\user\AppData\Local\Temp\wfm-test-oqOfBz: Command failed: git branch --show-current
2026-06-23T08:43:11 [WARN] Failed to read C:\Users\user\AppData\Local\Temp\wfm-test-tG4PXu\.pi\pipowers-state.json: Unexpected token 'o', "not valid json{{{" is not valid JSON
2026-06-23T08:43:11 [WARN] Failed to determine git ref in C:\Users\user\AppData\Local\Temp\wfm-test-W0xpQF: Command failed: git branch --show-current
2026-06-23T08:43:11 [WARN] Failed to determine git ref in C:\Users\user\AppData\Local\Temp\wfm-test-Qpbu0J: Command failed: git branch --show-current
2026-06-23T08:43:11 [ERROR] Failed to parse C:\Users\user\AppData\Local\Temp\pipowers-home-Kwoms7\.pi\agent\pipowers.toml: Invalid TOML document: only letter, numbers, dashes and underscores are allowed in keys

1:  this is = not valid toml [[[
    ^
. Using defaults.
2026-06-23T08:43:13 [WARN] Failed to determine git ref in C:\Users\user\AppData\Local\Temp\wfm-test-LdQgoQ: Command failed: git branch --show-current
2026-06-23T08:43:15 [WARN] Failed to determine git ref in D:\project\pipowers: not a repo
2026-06-23T08:43:17 [WARN] Failed to determine git ref in D:\project\pipowers: not a git repo
2026-06-23T08:43:32 [WARN] Failed to load reference "tdd-rationalizations" from D:\project\pipowers\skills\test-driven-development\reference\rationalizations.md: ENOENT: no such file or directory, open 'D:\project\pipowers\skills\test-driven-development\reference\rationalizations.md'
2026-06-23T08:43:32 [WARN] Failed to load reference "tdd-anti-patterns" from D:\project\pipowers\skills\test-driven-development\testing-anti-patterns.md: ENOENT: no such file or directory, open 'D:\project\pipowers\skills\test-driven-development\testing-anti-patterns.md'
2026-06-23T08:43:32 [WARN] Failed to load reference "tdd-examples" from D:\project\pipowers\skills\test-driven-development\reference\examples.md: ENOENT: no such file or directory, open 'D:\project\pipowers\skills\test-driven-development\reference\examples.md'
2026-06-23T08:43:32 [WARN] Failed to load reference "tdd-when-stuck" from D:\project\pipowers\skills\test-driven-development\reference\when-stuck.md: ENOENT: no such file or directory, open 'D:\project\pipowers\skills\test-driven-development\reference\when-stuck.md'
2026-06-23T08:43:32 [WARN] Failed to load reference "debug-rationalizations" from D:\project\pipowers\skills\systematic-debugging\reference\rationalizations.md: ENOENT: no such file or directory, open 'D:\project\pipowers\skills\systematic-debugging\reference\rationalizations.md'
2026-06-23T08:43:32 [WARN] Failed to load reference "debug-tracing" from D:\project\pipowers\skills\systematic-debugging\root-cause-tracing.md: ENOENT: no such file or directory, open 'D:\project\pipowers\skills\systematic-debugging\root-cause-tracing.md'
2026-06-23T08:43:32 [WARN] Failed to load reference "debug-defense-in-depth" from D:\project\pipowers\skills\systematic-debugging\defense-in-depth.md: ENOENT: no such file or directory, open 'D:\project\pipowers\skills\systematic-debugging\defense-in-depth.md'
2026-06-23T08:43:32 [WARN] Failed to load reference "debug-condition-waiting" from D:\project\pipowers\skills\systematic-debugging\condition-based-waiting.md: ENOENT: no such file or directory, open 'D:\project\pipowers\skills\systematic-debugging\condition-based-waiting.md'
2026-06-23T08:43:37 [WARN] Failed to determine git ref in C:\Users\user\AppData\Local\Temp\wfm-test-7yX2pv: Command failed: git branch --show-current
2026-06-23T08:43:37 [WARN] Failed to determine git ref in C:\Users\user\AppData\Local\Temp\wfm-test-s6drm7: Command failed: git branch --show-current
2026-06-23T08:43:37 [WARN] Failed to determine git ref in C:\Users\user\AppData\Local\Temp\wfm-test-7BToRf: Command failed: git branch --show-current
2026-06-23T08:43:37 [WARN] Failed to determine git ref in C:\Users\user\AppData\Local\Temp\wfm-test-6b0n97: Command failed: git branch --show-current
2026-06-23T08:43:37 [WARN] Failed to determine git ref in C:\Users\user\AppData\Local\Temp\wfm-test-XOAFvi: Command failed: git branch --show-current
2026-06-23T08:43:37 [WARN] Failed to determine git ref in C:\Users\user\AppData\Local\Temp\wfm-test-8S9UTB: Command failed: git branch --show-current
2026-06-23T08:43:37 [WARN] Failed to determine git ref in C:\Users\user\AppData\Local\Temp\wfm-test-rB1fLm: Command failed: git branch --show-current
2026-06-23T08:43:40 [WARN] Failed to read C:\Users\user\AppData\Local\Temp\wfm-test-8pGQkt\.pi\pipowers-state.json: Unexpected token 'o', "not valid json{{{" is not valid JSON
2026-06-23T08:43:40 [WARN] Failed to determine git ref in C:\Users\user\AppData\Local\Temp\wfm-test-oSyT1z: Command failed: git branch --show-current
2026-06-23T08:43:41 [WARN] Failed to determine git ref in C:\Users\user\AppData\Local\Temp\wfm-test-Irt2tS: Command failed: git branch --show-current
2026-06-23T08:43:43 [ERROR] Failed to parse C:\Users\user\AppData\Local\Temp\pipowers-home-riO4LP\.pi\agent\pipowers.toml: Invalid TOML document: only letter, numbers, dashes and underscores are allowed in keys

1:  this is = not valid toml [[[
    ^
. Using defaults.
2026-06-23T08:43:44 [WARN] Failed to determine git ref in C:\Users\user\AppData\Local\Temp\wfm-test-dznDHr: Command failed: git branch --show-current
2026-06-23T08:43:46 [WARN] Failed to determine git ref in D:\project\pipowers: not a repo
2026-06-23T08:43:52 [WARN] Failed to determine git ref in D:\project\pipowers: not a git repo
2026-06-23T08:44:33 [WARN] Failed to determine git ref in C:\Users\user\.config\git: Command failed: git branch --show-current
2026-06-23T08:47:06 [WARN] Failed to load reference "tdd-rationalizations" from D:\project\pipowers\skills\test-driven-development\reference\rationalizations.md: ENOENT: no such file or directory, open 'D:\project\pipowers\skills\test-driven-development\reference\rationalizations.md'
2026-06-23T08:47:06 [WARN] Failed to load reference "tdd-anti-patterns" from D:\project\pipowers\skills\test-driven-development\testing-anti-patterns.md: ENOENT: no such file or directory, open 'D:\project\pipowers\skills\test-driven-development\testing-anti-patterns.md'
2026-06-23T08:47:06 [WARN] Failed to load reference "tdd-examples" from D:\project\pipowers\skills\test-driven-development\reference\examples.md: ENOENT: no such file or directory, open 'D:\project\pipowers\skills\test-driven-development\reference\examples.md'
2026-06-23T08:47:06 [WARN] Failed to load reference "tdd-when-stuck" from D:\project\pipowers\skills\test-driven-development\reference\when-stuck.md: ENOENT: no such file or directory, open 'D:\project\pipowers\skills\test-driven-development\reference\when-stuck.md'
2026-06-23T08:47:06 [WARN] Failed to load reference "debug-rationalizations" from D:\project\pipowers\skills\systematic-debugging\reference\rationalizations.md: ENOENT: no such file or directory, open 'D:\project\pipowers\skills\systematic-debugging\reference\rationalizations.md'
2026-06-23T08:47:06 [WARN] Failed to load reference "debug-tracing" from D:\project\pipowers\skills\systematic-debugging\root-cause-tracing.md: ENOENT: no such file or directory, open 'D:\project\pipowers\skills\systematic-debugging\root-cause-tracing.md'
2026-06-23T08:47:06 [WARN] Failed to load reference "debug-defense-in-depth" from D:\project\pipowers\skills\systematic-debugging\defense-in-depth.md: ENOENT: no such file or directory, open 'D:\project\pipowers\skills\systematic-debugging\defense-in-depth.md'
2026-06-23T08:47:06 [WARN] Failed to load reference "debug-condition-waiting" from D:\project\pipowers\skills\systematic-debugging\condition-based-waiting.md: ENOENT: no such file or directory, open 'D:\project\pipowers\skills\systematic-debugging\condition-based-waiting.md'
2026-06-23T08:47:10 [WARN] Failed to determine git ref in C:\Users\user\AppData\Local\Temp\wfm-test-UkOtXg: Command failed: git branch --show-current
2026-06-23T08:47:10 [WARN] Failed to determine git ref in C:\Users\user\AppData\Local\Temp\wfm-test-XVgvbi: Command failed: git branch --show-current
2026-06-23T08:47:10 [WARN] Failed to determine git ref in C:\Users\user\AppData\Local\Temp\wfm-test-XZl2Rq: Command failed: git branch --show-current
2026-06-23T08:47:10 [WARN] Failed to determine git ref in C:\Users\user\AppData\Local\Temp\wfm-test-4GFzO8: Command failed: git branch --show-current
2026-06-23T08:47:10 [WARN] Failed to determine git ref in C:\Users\user\AppData\Local\Temp\wfm-test-rCDNB6: Command failed: git branch --show-current
2026-06-23T08:47:10 [WARN] Failed to determine git ref in C:\Users\user\AppData\Local\Temp\wfm-test-m8y968: Command failed: git branch --show-current
2026-06-23T08:47:12 [WARN] Failed to determine git ref in C:\Users\user\AppData\Local\Temp\wfm-test-2nOmla: Command failed: git branch --show-current
2026-06-23T08:47:12 [WARN] Failed to determine git ref in C:\Users\user\AppData\Local\Temp\wfm-test-7Jv9PX: Command failed: git branch --show-current
2026-06-23T08:47:13 [WARN] Failed to read C:\Users\user\AppData\Local\Temp\wfm-test-HvjKUB\.pi\pipowers-state.json: Unexpected token 'o', "not valid json{{{" is not valid JSON
2026-06-23T08:47:13 [WARN] Failed to determine git ref in C:\Users\user\AppData\Local\Temp\wfm-test-qi9gN0: Command failed: git branch --show-current
2026-06-23T08:47:15 [WARN] Failed to determine git ref in C:\Users\user\AppData\Local\Temp\wfm-test-DIPD25: Command failed: git branch --show-current
2026-06-23T08:47:15 [ERROR] Failed to parse C:\Users\user\AppData\Local\Temp\pipowers-home-HyAvCt\.pi\agent\pipowers.toml: Invalid TOML document: only letter, numbers, dashes and underscores are allowed in keys

1:  this is = not valid toml [[[
    ^
. Using defaults.
2026-06-23T08:47:18 [WARN] Failed to determine git ref in D:\project\pipowers: not a repo
2026-06-23T08:47:20 [WARN] Failed to determine git ref in D:\project\pipowers: not a git repo
2026-06-23T08:48:00 [WARN] Failed to load reference "tdd-rationalizations" from D:\project\pipowers\skills\test-driven-development\reference\rationalizations.md: ENOENT: no such file or directory, open 'D:\project\pipowers\skills\test-driven-development\reference\rationalizations.md'
2026-06-23T08:48:00 [WARN] Failed to load reference "tdd-anti-patterns" from D:\project\pipowers\skills\test-driven-development\testing-anti-patterns.md: ENOENT: no such file or directory, open 'D:\project\pipowers\skills\test-driven-development\testing-anti-patterns.md'
2026-06-23T08:48:00 [WARN] Failed to load reference "tdd-examples" from D:\project\pipowers\skills\test-driven-development\reference\examples.md: ENOENT: no such file or directory, open 'D:\project\pipowers\skills\test-driven-development\reference\examples.md'
2026-06-23T08:48:00 [WARN] Failed to load reference "tdd-when-stuck" from D:\project\pipowers\skills\test-driven-development\reference\when-stuck.md: ENOENT: no such file or directory, open 'D:\project\pipowers\skills\test-driven-development\reference\when-stuck.md'
2026-06-23T08:48:00 [WARN] Failed to load reference "debug-rationalizations" from D:\project\pipowers\skills\systematic-debugging\reference\rationalizations.md: ENOENT: no such file or directory, open 'D:\project\pipowers\skills\systematic-debugging\reference\rationalizations.md'
2026-06-23T08:48:00 [WARN] Failed to load reference "debug-tracing" from D:\project\pipowers\skills\systematic-debugging\root-cause-tracing.md: ENOENT: no such file or directory, open 'D:\project\pipowers\skills\systematic-debugging\root-cause-tracing.md'
2026-06-23T08:48:00 [WARN] Failed to load reference "debug-defense-in-depth" from D:\project\pipowers\skills\systematic-debugging\defense-in-depth.md: ENOENT: no such file or directory, open 'D:\project\pipowers\skills\systematic-debugging\defense-in-depth.md'
2026-06-23T08:48:00 [WARN] Failed to load reference "debug-condition-waiting" from D:\project\pipowers\skills\systematic-debugging\condition-based-waiting.md: ENOENT: no such file or directory, open 'D:\project\pipowers\skills\systematic-debugging\condition-based-waiting.md'
2026-06-23T08:48:02 [WARN] Failed to determine git ref in C:\Users\user\AppData\Local\Temp\wfm-test-2EuFZx: Command failed: git branch --show-current
2026-06-23T08:48:02 [WARN] Failed to determine git ref in C:\Users\user\AppData\Local\Temp\wfm-test-7pZIRW: Command failed: git branch --show-current
2026-06-23T08:48:02 [WARN] Failed to determine git ref in C:\Users\user\AppData\Local\Temp\wfm-test-T9MTbJ: Command failed: git branch --show-current
2026-06-23T08:48:02 [WARN] Failed to determine git ref in C:\Users\user\AppData\Local\Temp\wfm-test-pYAcXg: Command failed: git branch --show-current
2026-06-23T08:48:02 [WARN] Failed to determine git ref in C:\Users\user\AppData\Local\Temp\wfm-test-7mkWMO: Command failed: git branch --show-current
2026-06-23T08:48:02 [WARN] Failed to determine git ref in C:\Users\user\AppData\Local\Temp\wfm-test-yT74KA: Command failed: git branch --show-current
2026-06-23T08:48:03 [WARN] Failed to determine git ref in C:\Users\user\AppData\Local\Temp\wfm-test-UzRGKQ: Command failed: git branch --show-current
2026-06-23T08:48:05 [WARN] Failed to read C:\Users\user\AppData\Local\Temp\wfm-test-rmgAMW\.pi\pipowers-state.json: Unexpected token 'o', "not valid json{{{" is not valid JSON
2026-06-23T08:48:05 [WARN] Failed to determine git ref in C:\Users\user\AppData\Local\Temp\wfm-test-Fl64yB: Command failed: git branch --show-current
2026-06-23T08:48:05 [WARN] Failed to determine git ref in C:\Users\user\AppData\Local\Temp\wfm-test-j81SHq: Command failed: git branch --show-current
2026-06-23T08:48:07 [WARN] Failed to determine git ref in C:\Users\user\AppData\Local\Temp\wfm-test-lkixzh: Command failed: git branch --show-current
2026-06-23T08:48:10 [WARN] Failed to determine git ref in D:\project\pipowers: not a repo
2026-06-23T08:48:12 [WARN] Failed to determine git ref in D:\project\pipowers: not a git repo
2026-06-23T08:48:23 [WARN] Failed to determine git ref in C:\Users\user\AppData\Local\Temp\wfm-test-eVOrMW: Command failed: git branch --show-current
2026-06-23T08:48:23 [WARN] Failed to determine git ref in C:\Users\user\AppData\Local\Temp\wfm-test-FTL8E9: Command failed: git branch --show-current
2026-06-23T08:48:23 [WARN] Failed to determine git ref in C:\Users\user\AppData\Local\Temp\wfm-test-gkfGN9: Command failed: git branch --show-current
2026-06-23T08:48:23 [WARN] Failed to determine git ref in C:\Users\user\AppData\Local\Temp\wfm-test-1ohKcJ: Command failed: git branch --show-current
2026-06-23T08:48:23 [WARN] Failed to determine git ref in C:\Users\user\AppData\Local\Temp\wfm-test-PumZU9: Command failed: git branch --show-current
2026-06-23T08:48:23 [WARN] Failed to determine git ref in C:\Users\user\AppData\Local\Temp\wfm-test-KcKTHF: Command failed: git branch --show-current
2026-06-23T08:48:23 [WARN] Failed to determine git ref in C:\Users\user\AppData\Local\Temp\wfm-test-aCjDcL: Command failed: git branch --show-current
2026-06-23T08:48:25 [WARN] Failed to determine git ref in C:\Users\user\AppData\Local\Temp\wfm-test-cUoFx7: Command failed: git branch --show-current
2026-06-23T08:48:25 [WARN] Failed to read C:\Users\user\AppData\Local\Temp\wfm-test-E5NGaf\.pi\pipowers-state.json: Unexpected token 'o', "not valid json{{{" is not valid JSON
2026-06-23T08:48:25 [WARN] Failed to determine git ref in C:\Users\user\AppData\Local\Temp\wfm-test-dcBPGQ: Command failed: git branch --show-current
2026-06-23T08:48:28 [WARN] Failed to determine git ref in C:\Users\user\AppData\Local\Temp\wfm-test-ABG6IH: Command failed: git branch --show-current
2026-06-23T08:48:30 [WARN] Failed to determine git ref in D:\project\pipowers: not a repo
2026-06-23T08:48:32 [WARN] Failed to determine git ref in D:\project\pipowers: not a git repo
2026-06-23T08:58:25 [WARN] Failed to load reference "tdd-rationalizations" from D:\project\pipowers\skills\test-driven-development\reference\rationalizations.md: ENOENT: no such file or directory, open 'D:\project\pipowers\skills\test-driven-development\reference\rationalizations.md'
2026-06-23T08:58:25 [WARN] Failed to load reference "tdd-anti-patterns" from D:\project\pipowers\skills\test-driven-development\testing-anti-patterns.md: ENOENT: no such file or directory, open 'D:\project\pipowers\skills\test-driven-development\testing-anti-patterns.md'
2026-06-23T08:58:25 [WARN] Failed to load reference "tdd-examples" from D:\project\pipowers\skills\test-driven-development\reference\examples.md: ENOENT: no such file or directory, open 'D:\project\pipowers\skills\test-driven-development\reference\examples.md'
2026-06-23T08:58:25 [WARN] Failed to load reference "tdd-when-stuck" from D:\project\pipowers\skills\test-driven-development\reference\when-stuck.md: ENOENT: no such file or directory, open 'D:\project\pipowers\skills\test-driven-development\reference\when-stuck.md'
2026-06-23T08:58:25 [WARN] Failed to load reference "debug-rationalizations" from D:\project\pipowers\skills\systematic-debugging\reference\rationalizations.md: ENOENT: no such file or directory, open 'D:\project\pipowers\skills\systematic-debugging\reference\rationalizations.md'
2026-06-23T08:58:25 [WARN] Failed to load reference "debug-tracing" from D:\project\pipowers\skills\systematic-debugging\root-cause-tracing.md: ENOENT: no such file or directory, open 'D:\project\pipowers\skills\systematic-debugging\root-cause-tracing.md'
2026-06-23T08:58:25 [WARN] Failed to load reference "debug-defense-in-depth" from D:\project\pipowers\skills\systematic-debugging\defense-in-depth.md: ENOENT: no such file or directory, open 'D:\project\pipowers\skills\systematic-debugging\defense-in-depth.md'
2026-06-23T08:58:25 [WARN] Failed to load reference "debug-condition-waiting" from D:\project\pipowers\skills\systematic-debugging\condition-based-waiting.md: ENOENT: no such file or directory, open 'D:\project\pipowers\skills\systematic-debugging\condition-based-waiting.md'
2026-06-23T08:58:29 [WARN] Failed to determine git ref in C:\Users\user\AppData\Local\Temp\wfm-test-EQM3mu: Command failed: git branch --show-current
2026-06-23T08:58:29 [WARN] Failed to determine git ref in C:\Users\user\AppData\Local\Temp\wfm-test-tTGZWz: Command failed: git branch --show-current
2026-06-23T08:58:29 [WARN] Failed to determine git ref in C:\Users\user\AppData\Local\Temp\wfm-test-ALsK4Y: Command failed: git branch --show-current
2026-06-23T08:58:29 [WARN] Failed to determine git ref in C:\Users\user\AppData\Local\Temp\wfm-test-Xr9lQZ: Command failed: git branch --show-current
2026-06-23T08:58:29 [WARN] Failed to determine git ref in C:\Users\user\AppData\Local\Temp\wfm-test-3utl1A: Command failed: git branch --show-current
2026-06-23T08:58:29 [WARN] Failed to determine git ref in C:\Users\user\AppData\Local\Temp\wfm-test-bRrlfC: Command failed: git branch --show-current
2026-06-23T08:58:30 [WARN] Failed to determine git ref in C:\Users\user\AppData\Local\Temp\wfm-test-zEjUXQ: Command failed: git branch --show-current
2026-06-23T08:58:32 [WARN] Failed to determine git ref in C:\Users\user\AppData\Local\Temp\wfm-test-odKHmd: Command failed: git branch --show-current
2026-06-23T08:58:32 [WARN] Failed to read C:\Users\user\AppData\Local\Temp\wfm-test-NAUH0q\.pi\pipowers-state.json: Unexpected token 'o', "not valid json{{{" is not valid JSON
2026-06-23T08:58:32 [WARN] Failed to determine git ref in C:\Users\user\AppData\Local\Temp\wfm-test-YmRrC3: Command failed: git branch --show-current
2026-06-23T08:58:33 [ERROR] Failed to parse C:\Users\user\AppData\Local\Temp\pipowers-home-KgX3SD\.pi\agent\pipowers.toml: Invalid TOML document: only letter, numbers, dashes and underscores are allowed in keys

1:  this is = not valid toml [[[
    ^
. Using defaults.
2026-06-23T08:58:34 [WARN] Failed to determine git ref in C:\Users\user\AppData\Local\Temp\wfm-test-RqJuBf: Command failed: git branch --show-current
2026-06-23T08:58:36 [WARN] Failed to determine git ref in D:\project\pipowers: not a repo
2026-06-23T08:58:39 [WARN] Failed to determine git ref in D:\project\pipowers: not a git repo
2026-06-23T08:58:49 [WARN] Failed to load reference "tdd-rationalizations" from D:\project\pipowers\skills\test-driven-development\reference\rationalizations.md: ENOENT: no such file or directory, open 'D:\project\pipowers\skills\test-driven-development\reference\rationalizations.md'
2026-06-23T08:58:49 [WARN] Failed to load reference "tdd-anti-patterns" from D:\project\pipowers\skills\test-driven-development\testing-anti-patterns.md: ENOENT: no such file or directory, open 'D:\project\pipowers\skills\test-driven-development\testing-anti-patterns.md'
2026-06-23T08:58:49 [WARN] Failed to load reference "tdd-examples" from D:\project\pipowers\skills\test-driven-development\reference\examples.md: ENOENT: no such file or directory, open 'D:\project\pipowers\skills\test-driven-development\reference\examples.md'
2026-06-23T08:58:49 [WARN] Failed to load reference "tdd-when-stuck" from D:\project\pipowers\skills\test-driven-development\reference\when-stuck.md: ENOENT: no such file or directory, open 'D:\project\pipowers\skills\test-driven-development\reference\when-stuck.md'
2026-06-23T08:58:49 [WARN] Failed to load reference "debug-rationalizations" from D:\project\pipowers\skills\systematic-debugging\reference\rationalizations.md: ENOENT: no such file or directory, open 'D:\project\pipowers\skills\systematic-debugging\reference\rationalizations.md'
2026-06-23T08:58:49 [WARN] Failed to load reference "debug-tracing" from D:\project\pipowers\skills\systematic-debugging\root-cause-tracing.md: ENOENT: no such file or directory, open 'D:\project\pipowers\skills\systematic-debugging\root-cause-tracing.md'
2026-06-23T08:58:49 [WARN] Failed to load reference "debug-defense-in-depth" from D:\project\pipowers\skills\systematic-debugging\defense-in-depth.md: ENOENT: no such file or directory, open 'D:\project\pipowers\skills\systematic-debugging\defense-in-depth.md'
2026-06-23T08:58:49 [WARN] Failed to load reference "debug-condition-waiting" from D:\project\pipowers\skills\systematic-debugging\condition-based-waiting.md: ENOENT: no such file or directory, open 'D:\project\pipowers\skills\systematic-debugging\condition-based-waiting.md'
2026-06-23T08:58:53 [WARN] Failed to determine git ref in C:\Users\user\AppData\Local\Temp\wfm-test-NO7cjq: Command failed: git branch --show-current
2026-06-23T08:58:54 [WARN] Failed to determine git ref in C:\Users\user\AppData\Local\Temp\wfm-test-7UnWCI: Command failed: git branch --show-current
2026-06-23T08:58:54 [WARN] Failed to determine git ref in C:\Users\user\AppData\Local\Temp\wfm-test-QQTmFf: Command failed: git branch --show-current
2026-06-23T08:58:54 [WARN] Failed to determine git ref in C:\Users\user\AppData\Local\Temp\wfm-test-7UUGMg: Command failed: git branch --show-current
2026-06-23T08:58:54 [WARN] Failed to determine git ref in C:\Users\user\AppData\Local\Temp\wfm-test-9ZNPEI: Command failed: git branch --show-current
2026-06-23T08:58:54 [WARN] Failed to determine git ref in C:\Users\user\AppData\Local\Temp\wfm-test-AIiUwk: Command failed: git branch --show-current
2026-06-23T08:58:54 [WARN] Failed to determine git ref in C:\Users\user\AppData\Local\Temp\wfm-test-Uk2HRt: Command failed: git branch --show-current
2026-06-23T08:58:57 [WARN] Failed to read C:\Users\user\AppData\Local\Temp\wfm-test-DJlnvo\.pi\pipowers-state.json: Unexpected token 'o', "not valid json{{{" is not valid JSON
2026-06-23T08:58:57 [WARN] Failed to determine git ref in C:\Users\user\AppData\Local\Temp\wfm-test-c7GN6K: Command failed: git branch --show-current
2026-06-23T08:58:57 [ERROR] Failed to parse C:\Users\user\AppData\Local\Temp\pipowers-home-fp3jWf\.pi\agent\pipowers.toml: Invalid TOML document: only letter, numbers, dashes and underscores are allowed in keys

1:  this is = not valid toml [[[
    ^
. Using defaults.
2026-06-23T08:58:57 [WARN] Failed to determine git ref in C:\Users\user\AppData\Local\Temp\wfm-test-dFkC0S: Command failed: git branch --show-current
2026-06-23T08:59:00 [WARN] Failed to determine git ref in C:\Users\user\AppData\Local\Temp\wfm-test-2RJCT8: Command failed: git branch --show-current
2026-06-23T08:59:02 [WARN] Failed to determine git ref in D:\project\pipowers: not a repo
2026-06-23T08:59:06 [WARN] Failed to determine git ref in D:\project\pipowers: not a git repo
2026-06-23T08:59:19 [WARN] Failed to load reference "tdd-rationalizations" from D:\project\pipowers\skills\test-driven-development\reference\rationalizations.md: ENOENT: no such file or directory, open 'D:\project\pipowers\skills\test-driven-development\reference\rationalizations.md'
2026-06-23T08:59:19 [WARN] Failed to load reference "tdd-anti-patterns" from D:\project\pipowers\skills\test-driven-development\testing-anti-patterns.md: ENOENT: no such file or directory, open 'D:\project\pipowers\skills\test-driven-development\testing-anti-patterns.md'
2026-06-23T08:59:19 [WARN] Failed to load reference "tdd-examples" from D:\project\pipowers\skills\test-driven-development\reference\examples.md: ENOENT: no such file or directory, open 'D:\project\pipowers\skills\test-driven-development\reference\examples.md'
2026-06-23T08:59:19 [WARN] Failed to load reference "tdd-when-stuck" from D:\project\pipowers\skills\test-driven-development\reference\when-stuck.md: ENOENT: no such file or directory, open 'D:\project\pipowers\skills\test-driven-development\reference\when-stuck.md'
2026-06-23T08:59:19 [WARN] Failed to load reference "debug-rationalizations" from D:\project\pipowers\skills\systematic-debugging\reference\rationalizations.md: ENOENT: no such file or directory, open 'D:\project\pipowers\skills\systematic-debugging\reference\rationalizations.md'
2026-06-23T08:59:19 [WARN] Failed to load reference "debug-tracing" from D:\project\pipowers\skills\systematic-debugging\root-cause-tracing.md: ENOENT: no such file or directory, open 'D:\project\pipowers\skills\systematic-debugging\root-cause-tracing.md'
2026-06-23T08:59:19 [WARN] Failed to load reference "debug-defense-in-depth" from D:\project\pipowers\skills\systematic-debugging\defense-in-depth.md: ENOENT: no such file or directory, open 'D:\project\pipowers\skills\systematic-debugging\defense-in-depth.md'
2026-06-23T08:59:19 [WARN] Failed to load reference "debug-condition-waiting" from D:\project\pipowers\skills\systematic-debugging\condition-based-waiting.md: ENOENT: no such file or directory, open 'D:\project\pipowers\skills\systematic-debugging\condition-based-waiting.md'
2026-06-23T08:59:23 [WARN] Failed to determine git ref in C:\Users\user\AppData\Local\Temp\wfm-test-1gsrtV: Command failed: git branch --show-current
2026-06-23T08:59:23 [WARN] Failed to determine git ref in C:\Users\user\AppData\Local\Temp\wfm-test-USWI4P: Command failed: git branch --show-current
2026-06-23T08:59:23 [WARN] Failed to determine git ref in C:\Users\user\AppData\Local\Temp\wfm-test-nhp6M9: Command failed: git branch --show-current
2026-06-23T08:59:23 [WARN] Failed to determine git ref in C:\Users\user\AppData\Local\Temp\wfm-test-GNwXe3: Command failed: git branch --show-current
2026-06-23T08:59:23 [WARN] Failed to determine git ref in C:\Users\user\AppData\Local\Temp\wfm-test-qL3wk7: Command failed: git branch --show-current
2026-06-23T08:59:23 [WARN] Failed to determine git ref in C:\Users\user\AppData\Local\Temp\wfm-test-0j4fqm: Command failed: git branch --show-current
2026-06-23T08:59:24 [WARN] Failed to determine git ref in C:\Users\user\AppData\Local\Temp\wfm-test-hpxJfr: Command failed: git branch --show-current
2026-06-23T08:59:26 [WARN] Failed to determine git ref in C:\Users\user\AppData\Local\Temp\wfm-test-PrMEy2: Command failed: git branch --show-current
2026-06-23T08:59:27 [WARN] Failed to read C:\Users\user\AppData\Local\Temp\wfm-test-Kgehvp\.pi\pipowers-state.json: Unexpected token 'o', "not valid json{{{" is not valid JSON
2026-06-23T08:59:27 [WARN] Failed to determine git ref in C:\Users\user\AppData\Local\Temp\wfm-test-TW1sSh: Command failed: git branch --show-current
2026-06-23T08:59:27 [ERROR] Failed to parse C:\Users\user\AppData\Local\Temp\pipowers-home-6y0Zdg\.pi\agent\pipowers.toml: Invalid TOML document: only letter, numbers, dashes and underscores are allowed in keys

1:  this is = not valid toml [[[
    ^
. Using defaults.
2026-06-23T08:59:29 [WARN] Failed to determine git ref in C:\Users\user\AppData\Local\Temp\wfm-test-4E6Yh9: Command failed: git branch --show-current
2026-06-23T08:59:31 [WARN] Failed to determine git ref in D:\project\pipowers: not a repo
2026-06-23T08:59:34 [WARN] Failed to determine git ref in D:\project\pipowers: not a git repo
2026-06-23T08:59:49 [WARN] Failed to load reference "tdd-rationalizations" from D:\project\pipowers\skills\test-driven-development\reference\rationalizations.md: ENOENT: no such file or directory, open 'D:\project\pipowers\skills\test-driven-development\reference\rationalizations.md'
2026-06-23T08:59:49 [WARN] Failed to load reference "tdd-anti-patterns" from D:\project\pipowers\skills\test-driven-development\testing-anti-patterns.md: ENOENT: no such file or directory, open 'D:\project\pipowers\skills\test-driven-development\testing-anti-patterns.md'
2026-06-23T08:59:49 [WARN] Failed to load reference "tdd-examples" from D:\project\pipowers\skills\test-driven-development\reference\examples.md: ENOENT: no such file or directory, open 'D:\project\pipowers\skills\test-driven-development\reference\examples.md'
2026-06-23T08:59:49 [WARN] Failed to load reference "tdd-when-stuck" from D:\project\pipowers\skills\test-driven-development\reference\when-stuck.md: ENOENT: no such file or directory, open 'D:\project\pipowers\skills\test-driven-development\reference\when-stuck.md'
2026-06-23T08:59:49 [WARN] Failed to load reference "debug-rationalizations" from D:\project\pipowers\skills\systematic-debugging\reference\rationalizations.md: ENOENT: no such file or directory, open 'D:\project\pipowers\skills\systematic-debugging\reference\rationalizations.md'
2026-06-23T08:59:49 [WARN] Failed to load reference "debug-tracing" from D:\project\pipowers\skills\systematic-debugging\root-cause-tracing.md: ENOENT: no such file or directory, open 'D:\project\pipowers\skills\systematic-debugging\root-cause-tracing.md'
2026-06-23T08:59:49 [WARN] Failed to load reference "debug-defense-in-depth" from D:\project\pipowers\skills\systematic-debugging\defense-in-depth.md: ENOENT: no such file or directory, open 'D:\project\pipowers\skills\systematic-debugging\defense-in-depth.md'
2026-06-23T08:59:49 [WARN] Failed to load reference "debug-condition-waiting" from D:\project\pipowers\skills\systematic-debugging\condition-based-waiting.md: ENOENT: no such file or directory, open 'D:\project\pipowers\skills\systematic-debugging\condition-based-waiting.md'
2026-06-23T08:59:53 [WARN] Failed to determine git ref in C:\Users\user\AppData\Local\Temp\wfm-test-ZeosRQ: Command failed: git branch --show-current
2026-06-23T08:59:53 [WARN] Failed to determine git ref in C:\Users\user\AppData\Local\Temp\wfm-test-DPWEQq: Command failed: git branch --show-current
2026-06-23T08:59:53 [WARN] Failed to determine git ref in C:\Users\user\AppData\Local\Temp\wfm-test-8g9kbY: Command failed: git branch --show-current
2026-06-23T08:59:54 [WARN] Failed to determine git ref in C:\Users\user\AppData\Local\Temp\wfm-test-aM2P98: Command failed: git branch --show-current
2026-06-23T08:59:54 [WARN] Failed to determine git ref in C:\Users\user\AppData\Local\Temp\wfm-test-cpXMlm: Command failed: git branch --show-current
2026-06-23T08:59:54 [WARN] Failed to determine git ref in C:\Users\user\AppData\Local\Temp\wfm-test-PfePbx: Command failed: git branch --show-current
2026-06-23T08:59:55 [WARN] Failed to determine git ref in C:\Users\user\AppData\Local\Temp\wfm-test-g0YzaW: Command failed: git branch --show-current
2026-06-23T08:59:56 [WARN] Failed to determine git ref in C:\Users\user\AppData\Local\Temp\wfm-test-zlPPx0: Command failed: git branch --show-current
2026-06-23T08:59:57 [WARN] Failed to read C:\Users\user\AppData\Local\Temp\wfm-test-PEAaTt\.pi\pipowers-state.json: Unexpected token 'o', "not valid json{{{" is not valid JSON
2026-06-23T08:59:57 [WARN] Failed to determine git ref in C:\Users\user\AppData\Local\Temp\wfm-test-wmKtzm: Command failed: git branch --show-current
2026-06-23T08:59:58 [ERROR] Failed to parse C:\Users\user\AppData\Local\Temp\pipowers-home-DHrtbY\.pi\agent\pipowers.toml: Invalid TOML document: only letter, numbers, dashes and underscores are allowed in keys

1:  this is = not valid toml [[[
    ^
. Using defaults.
2026-06-23T08:59:59 [WARN] Failed to determine git ref in C:\Users\user\AppData\Local\Temp\wfm-test-9gekF5: Command failed: git branch --show-current
2026-06-23T09:00:01 [WARN] Failed to determine git ref in D:\project\pipowers: not a repo
2026-06-23T09:00:03 [WARN] Failed to determine git ref in D:\project\pipowers: not a git repo
2026-06-23T09:00:10 [WARN] Failed to load reference "tdd-rationalizations" from D:\project\pipowers\skills\test-driven-development\reference\rationalizations.md: ENOENT: no such file or directory, open 'D:\project\pipowers\skills\test-driven-development\reference\rationalizations.md'
2026-06-23T09:00:10 [WARN] Failed to load reference "tdd-anti-patterns" from D:\project\pipowers\skills\test-driven-development\testing-anti-patterns.md: ENOENT: no such file or directory, open 'D:\project\pipowers\skills\test-driven-development\testing-anti-patterns.md'
2026-06-23T09:00:10 [WARN] Failed to load reference "tdd-examples" from D:\project\pipowers\skills\test-driven-development\reference\examples.md: ENOENT: no such file or directory, open 'D:\project\pipowers\skills\test-driven-development\reference\examples.md'
2026-06-23T09:00:10 [WARN] Failed to load reference "tdd-when-stuck" from D:\project\pipowers\skills\test-driven-development\reference\when-stuck.md: ENOENT: no such file or directory, open 'D:\project\pipowers\skills\test-driven-development\reference\when-stuck.md'
2026-06-23T09:00:10 [WARN] Failed to load reference "debug-rationalizations" from D:\project\pipowers\skills\systematic-debugging\reference\rationalizations.md: ENOENT: no such file or directory, open 'D:\project\pipowers\skills\systematic-debugging\reference\rationalizations.md'
2026-06-23T09:00:10 [WARN] Failed to load reference "debug-tracing" from D:\project\pipowers\skills\systematic-debugging\root-cause-tracing.md: ENOENT: no such file or directory, open 'D:\project\pipowers\skills\systematic-debugging\root-cause-tracing.md'
2026-06-23T09:00:10 [WARN] Failed to load reference "debug-defense-in-depth" from D:\project\pipowers\skills\systematic-debugging\defense-in-depth.md: ENOENT: no such file or directory, open 'D:\project\pipowers\skills\systematic-debugging\defense-in-depth.md'
2026-06-23T09:00:10 [WARN] Failed to load reference "debug-condition-waiting" from D:\project\pipowers\skills\systematic-debugging\condition-based-waiting.md: ENOENT: no such file or directory, open 'D:\project\pipowers\skills\systematic-debugging\condition-based-waiting.md'
2026-06-23T09:00:15 [WARN] Failed to determine git ref in C:\Users\user\AppData\Local\Temp\wfm-test-pnblAQ: Command failed: git branch --show-current
2026-06-23T09:00:15 [WARN] Failed to determine git ref in C:\Users\user\AppData\Local\Temp\wfm-test-r6E2qc: Command failed: git branch --show-current
2026-06-23T09:00:15 [WARN] Failed to determine git ref in C:\Users\user\AppData\Local\Temp\wfm-test-cgYlEW: Command failed: git branch --show-current
2026-06-23T09:00:15 [WARN] Failed to determine git ref in C:\Users\user\AppData\Local\Temp\wfm-test-giejWm: Command failed: git branch --show-current
2026-06-23T09:00:15 [WARN] Failed to determine git ref in C:\Users\user\AppData\Local\Temp\wfm-test-cPwvPa: Command failed: git branch --show-current
2026-06-23T09:00:15 [WARN] Failed to determine git ref in C:\Users\user\AppData\Local\Temp\wfm-test-6NFm4H: Command failed: git branch --show-current
2026-06-23T09:00:15 [WARN] Failed to determine git ref in C:\Users\user\AppData\Local\Temp\wfm-test-bHbpuK: Command failed: git branch --show-current
2026-06-23T09:00:18 [WARN] Failed to read C:\Users\user\AppData\Local\Temp\wfm-test-eINdRt\.pi\pipowers-state.json: Unexpected token 'o', "not valid json{{{" is not valid JSON
2026-06-23T09:00:18 [WARN] Failed to determine git ref in C:\Users\user\AppData\Local\Temp\wfm-test-PQNP0z: Command failed: git branch --show-current
2026-06-23T09:00:18 [WARN] Failed to determine git ref in C:\Users\user\AppData\Local\Temp\wfm-test-DFZzvB: Command failed: git branch --show-current
2026-06-23T09:00:19 [ERROR] Failed to parse C:\Users\user\AppData\Local\Temp\pipowers-home-09aFAl\.pi\agent\pipowers.toml: Invalid TOML document: only letter, numbers, dashes and underscores are allowed in keys

1:  this is = not valid toml [[[
    ^
. Using defaults.
2026-06-23T09:00:20 [WARN] Failed to determine git ref in C:\Users\user\AppData\Local\Temp\wfm-test-c4KIGy: Command failed: git branch --show-current
2026-06-23T09:00:22 [WARN] Failed to determine git ref in D:\project\pipowers: not a repo
2026-06-23T09:00:25 [WARN] Failed to determine git ref in D:\project\pipowers: not a git repo
2026-06-23T09:00:35 [WARN] Failed to load reference "tdd-rationalizations" from D:\project\pipowers\skills\test-driven-development\reference\rationalizations.md: ENOENT: no such file or directory, open 'D:\project\pipowers\skills\test-driven-development\reference\rationalizations.md'
2026-06-23T09:00:35 [WARN] Failed to load reference "tdd-anti-patterns" from D:\project\pipowers\skills\test-driven-development\testing-anti-patterns.md: ENOENT: no such file or directory, open 'D:\project\pipowers\skills\test-driven-development\testing-anti-patterns.md'
2026-06-23T09:00:35 [WARN] Failed to load reference "tdd-examples" from D:\project\pipowers\skills\test-driven-development\reference\examples.md: ENOENT: no such file or directory, open 'D:\project\pipowers\skills\test-driven-development\reference\examples.md'
2026-06-23T09:00:35 [WARN] Failed to load reference "tdd-when-stuck" from D:\project\pipowers\skills\test-driven-development\reference\when-stuck.md: ENOENT: no such file or directory, open 'D:\project\pipowers\skills\test-driven-development\reference\when-stuck.md'
2026-06-23T09:00:35 [WARN] Failed to load reference "debug-rationalizations" from D:\project\pipowers\skills\systematic-debugging\reference\rationalizations.md: ENOENT: no such file or directory, open 'D:\project\pipowers\skills\systematic-debugging\reference\rationalizations.md'
2026-06-23T09:00:35 [WARN] Failed to load reference "debug-tracing" from D:\project\pipowers\skills\systematic-debugging\root-cause-tracing.md: ENOENT: no such file or directory, open 'D:\project\pipowers\skills\systematic-debugging\root-cause-tracing.md'
2026-06-23T09:00:35 [WARN] Failed to load reference "debug-defense-in-depth" from D:\project\pipowers\skills\systematic-debugging\defense-in-depth.md: ENOENT: no such file or directory, open 'D:\project\pipowers\skills\systematic-debugging\defense-in-depth.md'
2026-06-23T09:00:35 [WARN] Failed to load reference "debug-condition-waiting" from D:\project\pipowers\skills\systematic-debugging\condition-based-waiting.md: ENOENT: no such file or directory, open 'D:\project\pipowers\skills\systematic-debugging\condition-based-waiting.md'
2026-06-23T09:00:39 [WARN] Failed to determine git ref in C:\Users\user\AppData\Local\Temp\wfm-test-TC6OJM: Command failed: git branch --show-current
2026-06-23T09:00:39 [WARN] Failed to determine git ref in C:\Users\user\AppData\Local\Temp\wfm-test-lnCKqD: Command failed: git branch --show-current
2026-06-23T09:00:39 [WARN] Failed to determine git ref in C:\Users\user\AppData\Local\Temp\wfm-test-38WUWP: Command failed: git branch --show-current
2026-06-23T09:00:39 [WARN] Failed to determine git ref in C:\Users\user\AppData\Local\Temp\wfm-test-WATZQt: Command failed: git branch --show-current
2026-06-23T09:00:39 [WARN] Failed to determine git ref in C:\Users\user\AppData\Local\Temp\wfm-test-F8HBMx: Command failed: git branch --show-current
2026-06-23T09:00:39 [WARN] Failed to determine git ref in C:\Users\user\AppData\Local\Temp\wfm-test-IXPYkC: Command failed: git branch --show-current
2026-06-23T09:00:39 [WARN] Failed to determine git ref in C:\Users\user\AppData\Local\Temp\wfm-test-BUXbNG: Command failed: git branch --show-current
2026-06-23T09:00:42 [WARN] Failed to read C:\Users\user\AppData\Local\Temp\wfm-test-sb1rhl\.pi\pipowers-state.json: Unexpected token 'o', "not valid json{{{" is not valid JSON
2026-06-23T09:00:42 [WARN] Failed to determine git ref in C:\Users\user\AppData\Local\Temp\wfm-test-ELSKuL: Command failed: git branch --show-current
2026-06-23T09:00:42 [WARN] Failed to determine git ref in C:\Users\user\AppData\Local\Temp\wfm-test-jhLk2m: Command failed: git branch --show-current
2026-06-23T09:00:43 [ERROR] Failed to parse C:\Users\user\AppData\Local\Temp\pipowers-home-gaq1AE\.pi\agent\pipowers.toml: Invalid TOML document: only letter, numbers, dashes and underscores are allowed in keys

1:  this is = not valid toml [[[
    ^
. Using defaults.
2026-06-23T09:00:44 [WARN] Failed to determine git ref in C:\Users\user\AppData\Local\Temp\wfm-test-TG9gGw: Command failed: git branch --show-current
2026-06-23T09:00:46 [WARN] Failed to determine git ref in D:\project\pipowers: not a repo
2026-06-23T09:00:49 [WARN] Failed to determine git ref in D:\project\pipowers: not a git repo
2026-06-23T09:01:03 [WARN] Failed to load reference "tdd-rationalizations" from D:\project\pipowers\skills\test-driven-development\reference\rationalizations.md: ENOENT: no such file or directory, open 'D:\project\pipowers\skills\test-driven-development\reference\rationalizations.md'
2026-06-23T09:01:03 [WARN] Failed to load reference "tdd-anti-patterns" from D:\project\pipowers\skills\test-driven-development\testing-anti-patterns.md: ENOENT: no such file or directory, open 'D:\project\pipowers\skills\test-driven-development\testing-anti-patterns.md'
2026-06-23T09:01:03 [WARN] Failed to load reference "tdd-examples" from D:\project\pipowers\skills\test-driven-development\reference\examples.md: ENOENT: no such file or directory, open 'D:\project\pipowers\skills\test-driven-development\reference\examples.md'
2026-06-23T09:01:03 [WARN] Failed to load reference "tdd-when-stuck" from D:\project\pipowers\skills\test-driven-development\reference\when-stuck.md: ENOENT: no such file or directory, open 'D:\project\pipowers\skills\test-driven-development\reference\when-stuck.md'
2026-06-23T09:01:03 [WARN] Failed to load reference "debug-rationalizations" from D:\project\pipowers\skills\systematic-debugging\reference\rationalizations.md: ENOENT: no such file or directory, open 'D:\project\pipowers\skills\systematic-debugging\reference\rationalizations.md'
2026-06-23T09:01:03 [WARN] Failed to load reference "debug-tracing" from D:\project\pipowers\skills\systematic-debugging\root-cause-tracing.md: ENOENT: no such file or directory, open 'D:\project\pipowers\skills\systematic-debugging\root-cause-tracing.md'
2026-06-23T09:01:03 [WARN] Failed to load reference "debug-defense-in-depth" from D:\project\pipowers\skills\systematic-debugging\defense-in-depth.md: ENOENT: no such file or directory, open 'D:\project\pipowers\skills\systematic-debugging\defense-in-depth.md'
2026-06-23T09:01:03 [WARN] Failed to load reference "debug-condition-waiting" from D:\project\pipowers\skills\systematic-debugging\condition-based-waiting.md: ENOENT: no such file or directory, open 'D:\project\pipowers\skills\systematic-debugging\condition-based-waiting.md'
2026-06-23T09:01:07 [WARN] Failed to determine git ref in C:\Users\user\AppData\Local\Temp\wfm-test-WR0268: Command failed: git branch --show-current
2026-06-23T09:01:08 [WARN] Failed to determine git ref in C:\Users\user\AppData\Local\Temp\wfm-test-noqfWf: Command failed: git branch --show-current
2026-06-23T09:01:08 [WARN] Failed to determine git ref in C:\Users\user\AppData\Local\Temp\wfm-test-rfxorI: Command failed: git branch --show-current
2026-06-23T09:01:08 [WARN] Failed to determine git ref in C:\Users\user\AppData\Local\Temp\wfm-test-2oW4Zx: Command failed: git branch --show-current
2026-06-23T09:01:08 [WARN] Failed to determine git ref in C:\Users\user\AppData\Local\Temp\wfm-test-Qxtr7l: Command failed: git branch --show-current
2026-06-23T09:01:08 [WARN] Failed to determine git ref in C:\Users\user\AppData\Local\Temp\wfm-test-Xzgr7C: Command failed: git branch --show-current
2026-06-23T09:01:08 [WARN] Failed to determine git ref in C:\Users\user\AppData\Local\Temp\wfm-test-WpPgf0: Command failed: git branch --show-current
2026-06-23T09:01:10 [WARN] Failed to read C:\Users\user\AppData\Local\Temp\wfm-test-DD5e3y\.pi\pipowers-state.json: Unexpected token 'o', "not valid json{{{" is not valid JSON
2026-06-23T09:01:11 [WARN] Failed to determine git ref in C:\Users\user\AppData\Local\Temp\wfm-test-4K4pjw: Command failed: git branch --show-current
2026-06-23T09:01:11 [WARN] Failed to determine git ref in C:\Users\user\AppData\Local\Temp\wfm-test-r4Yj1I: Command failed: git branch --show-current
2026-06-23T09:01:12 [ERROR] Failed to parse C:\Users\user\AppData\Local\Temp\pipowers-home-1cwoOx\.pi\agent\pipowers.toml: Invalid TOML document: only letter, numbers, dashes and underscores are allowed in keys

1:  this is = not valid toml [[[
    ^
. Using defaults.
2026-06-23T09:01:13 [WARN] Failed to determine git ref in C:\Users\user\AppData\Local\Temp\wfm-test-JziB4I: Command failed: git branch --show-current
2026-06-23T09:01:15 [WARN] Failed to determine git ref in D:\project\pipowers: not a repo
2026-06-23T09:01:19 [WARN] Failed to determine git ref in D:\project\pipowers: not a git repo
2026-06-23T09:01:25 [WARN] Failed to load reference "tdd-rationalizations" from D:\project\pipowers\skills\test-driven-development\reference\rationalizations.md: ENOENT: no such file or directory, open 'D:\project\pipowers\skills\test-driven-development\reference\rationalizations.md'
2026-06-23T09:01:25 [WARN] Failed to load reference "tdd-anti-patterns" from D:\project\pipowers\skills\test-driven-development\testing-anti-patterns.md: ENOENT: no such file or directory, open 'D:\project\pipowers\skills\test-driven-development\testing-anti-patterns.md'
2026-06-23T09:01:25 [WARN] Failed to load reference "tdd-examples" from D:\project\pipowers\skills\test-driven-development\reference\examples.md: ENOENT: no such file or directory, open 'D:\project\pipowers\skills\test-driven-development\reference\examples.md'
2026-06-23T09:01:25 [WARN] Failed to load reference "tdd-when-stuck" from D:\project\pipowers\skills\test-driven-development\reference\when-stuck.md: ENOENT: no such file or directory, open 'D:\project\pipowers\skills\test-driven-development\reference\when-stuck.md'
2026-06-23T09:01:25 [WARN] Failed to load reference "debug-rationalizations" from D:\project\pipowers\skills\systematic-debugging\reference\rationalizations.md: ENOENT: no such file or directory, open 'D:\project\pipowers\skills\systematic-debugging\reference\rationalizations.md'
2026-06-23T09:01:25 [WARN] Failed to load reference "debug-tracing" from D:\project\pipowers\skills\systematic-debugging\root-cause-tracing.md: ENOENT: no such file or directory, open 'D:\project\pipowers\skills\systematic-debugging\root-cause-tracing.md'
2026-06-23T09:01:25 [WARN] Failed to load reference "debug-defense-in-depth" from D:\project\pipowers\skills\systematic-debugging\defense-in-depth.md: ENOENT: no such file or directory, open 'D:\project\pipowers\skills\systematic-debugging\defense-in-depth.md'
2026-06-23T09:01:25 [WARN] Failed to load reference "debug-condition-waiting" from D:\project\pipowers\skills\systematic-debugging\condition-based-waiting.md: ENOENT: no such file or directory, open 'D:\project\pipowers\skills\systematic-debugging\condition-based-waiting.md'
2026-06-23T09:01:30 [WARN] Failed to determine git ref in C:\Users\user\AppData\Local\Temp\wfm-test-I1Xh7k: Command failed: git branch --show-current
2026-06-23T09:01:30 [WARN] Failed to determine git ref in C:\Users\user\AppData\Local\Temp\wfm-test-NUxCPY: Command failed: git branch --show-current
2026-06-23T09:01:30 [WARN] Failed to determine git ref in C:\Users\user\AppData\Local\Temp\wfm-test-1cpYr8: Command failed: git branch --show-current
2026-06-23T09:01:30 [WARN] Failed to determine git ref in C:\Users\user\AppData\Local\Temp\wfm-test-S7YfmN: Command failed: git branch --show-current
2026-06-23T09:01:30 [WARN] Failed to determine git ref in C:\Users\user\AppData\Local\Temp\wfm-test-zpupEX: Command failed: git branch --show-current
2026-06-23T09:01:30 [WARN] Failed to determine git ref in C:\Users\user\AppData\Local\Temp\wfm-test-jHqYGk: Command failed: git branch --show-current
2026-06-23T09:01:30 [WARN] Failed to determine git ref in C:\Users\user\AppData\Local\Temp\wfm-test-hKysZG: Command failed: git branch --show-current
2026-06-23T09:01:33 [WARN] Failed to determine git ref in C:\Users\user\AppData\Local\Temp\wfm-test-UyX4s0: Command failed: git branch --show-current
2026-06-23T09:01:33 [WARN] Failed to read C:\Users\user\AppData\Local\Temp\wfm-test-bDzC0b\.pi\pipowers-state.json: Unexpected token 'o', "not valid json{{{" is not valid JSON
2026-06-23T09:01:33 [WARN] Failed to determine git ref in C:\Users\user\AppData\Local\Temp\wfm-test-6D1c0Z: Command failed: git branch --show-current
2026-06-23T09:01:34 [ERROR] Failed to parse C:\Users\user\AppData\Local\Temp\pipowers-home-j6dx0K\.pi\agent\pipowers.toml: Invalid TOML document: only letter, numbers, dashes and underscores are allowed in keys

1:  this is = not valid toml [[[
    ^
. Using defaults.
2026-06-23T09:01:35 [WARN] Failed to determine git ref in C:\Users\user\AppData\Local\Temp\wfm-test-8lZJnH: Command failed: git branch --show-current
2026-06-23T09:01:37 [WARN] Failed to determine git ref in D:\project\pipowers: not a repo
2026-06-23T09:01:41 [WARN] Failed to determine git ref in D:\project\pipowers: not a git repo
2026-06-23T09:01:48 [WARN] Failed to load reference "tdd-rationalizations" from D:\project\pipowers\skills\test-driven-development\reference\rationalizations.md: ENOENT: no such file or directory, open 'D:\project\pipowers\skills\test-driven-development\reference\rationalizations.md'
2026-06-23T09:01:48 [WARN] Failed to load reference "tdd-anti-patterns" from D:\project\pipowers\skills\test-driven-development\testing-anti-patterns.md: ENOENT: no such file or directory, open 'D:\project\pipowers\skills\test-driven-development\testing-anti-patterns.md'
2026-06-23T09:01:48 [WARN] Failed to load reference "tdd-examples" from D:\project\pipowers\skills\test-driven-development\reference\examples.md: ENOENT: no such file or directory, open 'D:\project\pipowers\skills\test-driven-development\reference\examples.md'
2026-06-23T09:01:48 [WARN] Failed to load reference "tdd-when-stuck" from D:\project\pipowers\skills\test-driven-development\reference\when-stuck.md: ENOENT: no such file or directory, open 'D:\project\pipowers\skills\test-driven-development\reference\when-stuck.md'
2026-06-23T09:01:48 [WARN] Failed to load reference "debug-rationalizations" from D:\project\pipowers\skills\systematic-debugging\reference\rationalizations.md: ENOENT: no such file or directory, open 'D:\project\pipowers\skills\systematic-debugging\reference\rationalizations.md'
2026-06-23T09:01:48 [WARN] Failed to load reference "debug-tracing" from D:\project\pipowers\skills\systematic-debugging\root-cause-tracing.md: ENOENT: no such file or directory, open 'D:\project\pipowers\skills\systematic-debugging\root-cause-tracing.md'
2026-06-23T09:01:48 [WARN] Failed to load reference "debug-defense-in-depth" from D:\project\pipowers\skills\systematic-debugging\defense-in-depth.md: ENOENT: no such file or directory, open 'D:\project\pipowers\skills\systematic-debugging\defense-in-depth.md'
2026-06-23T09:01:48 [WARN] Failed to load reference "debug-condition-waiting" from D:\project\pipowers\skills\systematic-debugging\condition-based-waiting.md: ENOENT: no such file or directory, open 'D:\project\pipowers\skills\systematic-debugging\condition-based-waiting.md'
2026-06-23T09:01:53 [WARN] Failed to determine git ref in C:\Users\user\AppData\Local\Temp\wfm-test-b3gHdq: Command failed: git branch --show-current
2026-06-23T09:01:53 [WARN] Failed to determine git ref in C:\Users\user\AppData\Local\Temp\wfm-test-P3TjST: Command failed: git branch --show-current
2026-06-23T09:01:53 [WARN] Failed to determine git ref in C:\Users\user\AppData\Local\Temp\wfm-test-k4HJIt: Command failed: git branch --show-current
2026-06-23T09:01:53 [WARN] Failed to determine git ref in C:\Users\user\AppData\Local\Temp\wfm-test-BTp8It: Command failed: git branch --show-current
2026-06-23T09:01:53 [WARN] Failed to determine git ref in C:\Users\user\AppData\Local\Temp\wfm-test-g0GlDI: Command failed: git branch --show-current
2026-06-23T09:01:53 [WARN] Failed to determine git ref in C:\Users\user\AppData\Local\Temp\wfm-test-FKbWYA: Command failed: git branch --show-current
2026-06-23T09:01:53 [WARN] Failed to determine git ref in C:\Users\user\AppData\Local\Temp\wfm-test-sDTRfG: Command failed: git branch --show-current
2026-06-23T09:01:55 [WARN] Failed to read C:\Users\user\AppData\Local\Temp\wfm-test-yg3nLF\.pi\pipowers-state.json: Unexpected token 'o', "not valid json{{{" is not valid JSON
2026-06-23T09:01:55 [WARN] Failed to determine git ref in C:\Users\user\AppData\Local\Temp\wfm-test-PyMfvN: Command failed: git branch --show-current
2026-06-23T09:01:56 [ERROR] Failed to parse C:\Users\user\AppData\Local\Temp\pipowers-home-w0VHcP\.pi\agent\pipowers.toml: Invalid TOML document: only letter, numbers, dashes and underscores are allowed in keys

1:  this is = not valid toml [[[
    ^
. Using defaults.
2026-06-23T09:01:56 [WARN] Failed to determine git ref in C:\Users\user\AppData\Local\Temp\wfm-test-ATsI7d: Command failed: git branch --show-current
2026-06-23T09:01:58 [WARN] Failed to determine git ref in C:\Users\user\AppData\Local\Temp\wfm-test-DX4P2h: Command failed: git branch --show-current
2026-06-23T09:02:00 [WARN] Failed to determine git ref in D:\project\pipowers: not a repo
2026-06-23T09:02:03 [WARN] Failed to determine git ref in D:\project\pipowers: not a git repo
2026-06-23T09:02:13 [WARN] Failed to load reference "tdd-rationalizations" from D:\project\pipowers\skills\test-driven-development\reference\rationalizations.md: ENOENT: no such file or directory, open 'D:\project\pipowers\skills\test-driven-development\reference\rationalizations.md'
2026-06-23T09:02:13 [WARN] Failed to load reference "tdd-anti-patterns" from D:\project\pipowers\skills\test-driven-development\testing-anti-patterns.md: ENOENT: no such file or directory, open 'D:\project\pipowers\skills\test-driven-development\testing-anti-patterns.md'
2026-06-23T09:02:13 [WARN] Failed to load reference "tdd-examples" from D:\project\pipowers\skills\test-driven-development\reference\examples.md: ENOENT: no such file or directory, open 'D:\project\pipowers\skills\test-driven-development\reference\examples.md'
2026-06-23T09:02:13 [WARN] Failed to load reference "tdd-when-stuck" from D:\project\pipowers\skills\test-driven-development\reference\when-stuck.md: ENOENT: no such file or directory, open 'D:\project\pipowers\skills\test-driven-development\reference\when-stuck.md'
2026-06-23T09:02:13 [WARN] Failed to load reference "debug-rationalizations" from D:\project\pipowers\skills\systematic-debugging\reference\rationalizations.md: ENOENT: no such file or directory, open 'D:\project\pipowers\skills\systematic-debugging\reference\rationalizations.md'
2026-06-23T09:02:13 [WARN] Failed to load reference "debug-tracing" from D:\project\pipowers\skills\systematic-debugging\root-cause-tracing.md: ENOENT: no such file or directory, open 'D:\project\pipowers\skills\systematic-debugging\root-cause-tracing.md'
2026-06-23T09:02:13 [WARN] Failed to load reference "debug-defense-in-depth" from D:\project\pipowers\skills\systematic-debugging\defense-in-depth.md: ENOENT: no such file or directory, open 'D:\project\pipowers\skills\systematic-debugging\defense-in-depth.md'
2026-06-23T09:02:13 [WARN] Failed to load reference "debug-condition-waiting" from D:\project\pipowers\skills\systematic-debugging\condition-based-waiting.md: ENOENT: no such file or directory, open 'D:\project\pipowers\skills\systematic-debugging\condition-based-waiting.md'
2026-06-23T09:02:17 [WARN] Failed to determine git ref in C:\Users\user\AppData\Local\Temp\wfm-test-pIxVRB: Command failed: git branch --show-current
2026-06-23T09:02:17 [WARN] Failed to determine git ref in C:\Users\user\AppData\Local\Temp\wfm-test-uXujnm: Command failed: git branch --show-current
2026-06-23T09:02:18 [WARN] Failed to determine git ref in C:\Users\user\AppData\Local\Temp\wfm-test-2VWHSL: Command failed: git branch --show-current
2026-06-23T09:02:18 [WARN] Failed to determine git ref in C:\Users\user\AppData\Local\Temp\wfm-test-522Awu: Command failed: git branch --show-current
2026-06-23T09:02:18 [WARN] Failed to determine git ref in C:\Users\user\AppData\Local\Temp\wfm-test-HFrlrt: Command failed: git branch --show-current
2026-06-23T09:02:18 [WARN] Failed to determine git ref in C:\Users\user\AppData\Local\Temp\wfm-test-kko7Ik: Command failed: git branch --show-current
2026-06-23T09:02:18 [WARN] Failed to determine git ref in C:\Users\user\AppData\Local\Temp\wfm-test-1pUigF: Command failed: git branch --show-current
2026-06-23T09:02:20 [WARN] Failed to determine git ref in C:\Users\user\AppData\Local\Temp\wfm-test-cA7wkO: Command failed: git branch --show-current
2026-06-23T09:02:20 [WARN] Failed to read C:\Users\user\AppData\Local\Temp\wfm-test-TbwM3E\.pi\pipowers-state.json: Unexpected token 'o', "not valid json{{{" is not valid JSON
2026-06-23T09:02:21 [WARN] Failed to determine git ref in C:\Users\user\AppData\Local\Temp\wfm-test-ioZGgB: Command failed: git branch --show-current
2026-06-23T09:02:21 [ERROR] Failed to parse C:\Users\user\AppData\Local\Temp\pipowers-home-sCcAef\.pi\agent\pipowers.toml: Invalid TOML document: only letter, numbers, dashes and underscores are allowed in keys

1:  this is = not valid toml [[[
    ^
. Using defaults.
2026-06-23T09:02:23 [WARN] Failed to determine git ref in C:\Users\user\AppData\Local\Temp\wfm-test-QUoXrC: Command failed: git branch --show-current
2026-06-23T09:02:26 [WARN] Failed to determine git ref in D:\project\pipowers: not a repo
2026-06-23T09:02:28 [WARN] Failed to determine git ref in D:\project\pipowers: not a git repo
2026-06-23T09:02:38 [WARN] Failed to load reference "tdd-rationalizations" from D:\project\pipowers\skills\test-driven-development\reference\rationalizations.md: ENOENT: no such file or directory, open 'D:\project\pipowers\skills\test-driven-development\reference\rationalizations.md'
2026-06-23T09:02:38 [WARN] Failed to load reference "tdd-anti-patterns" from D:\project\pipowers\skills\test-driven-development\testing-anti-patterns.md: ENOENT: no such file or directory, open 'D:\project\pipowers\skills\test-driven-development\testing-anti-patterns.md'
2026-06-23T09:02:38 [WARN] Failed to load reference "tdd-examples" from D:\project\pipowers\skills\test-driven-development\reference\examples.md: ENOENT: no such file or directory, open 'D:\project\pipowers\skills\test-driven-development\reference\examples.md'
2026-06-23T09:02:38 [WARN] Failed to load reference "tdd-when-stuck" from D:\project\pipowers\skills\test-driven-development\reference\when-stuck.md: ENOENT: no such file or directory, open 'D:\project\pipowers\skills\test-driven-development\reference\when-stuck.md'
2026-06-23T09:02:38 [WARN] Failed to load reference "debug-rationalizations" from D:\project\pipowers\skills\systematic-debugging\reference\rationalizations.md: ENOENT: no such file or directory, open 'D:\project\pipowers\skills\systematic-debugging\reference\rationalizations.md'
2026-06-23T09:02:38 [WARN] Failed to load reference "debug-tracing" from D:\project\pipowers\skills\systematic-debugging\root-cause-tracing.md: ENOENT: no such file or directory, open 'D:\project\pipowers\skills\systematic-debugging\root-cause-tracing.md'
2026-06-23T09:02:38 [WARN] Failed to load reference "debug-defense-in-depth" from D:\project\pipowers\skills\systematic-debugging\defense-in-depth.md: ENOENT: no such file or directory, open 'D:\project\pipowers\skills\systematic-debugging\defense-in-depth.md'
2026-06-23T09:02:38 [WARN] Failed to load reference "debug-condition-waiting" from D:\project\pipowers\skills\systematic-debugging\condition-based-waiting.md: ENOENT: no such file or directory, open 'D:\project\pipowers\skills\systematic-debugging\condition-based-waiting.md'
2026-06-23T09:02:43 [WARN] Failed to determine git ref in C:\Users\user\AppData\Local\Temp\wfm-test-KUSbmW: Command failed: git branch --show-current
2026-06-23T09:02:43 [WARN] Failed to determine git ref in C:\Users\user\AppData\Local\Temp\wfm-test-G8ANWZ: Command failed: git branch --show-current
2026-06-23T09:02:43 [WARN] Failed to determine git ref in C:\Users\user\AppData\Local\Temp\wfm-test-qYR24Y: Command failed: git branch --show-current
2026-06-23T09:02:44 [WARN] Failed to determine git ref in C:\Users\user\AppData\Local\Temp\wfm-test-N3JJBR: Command failed: git branch --show-current
2026-06-23T09:02:44 [WARN] Failed to determine git ref in C:\Users\user\AppData\Local\Temp\wfm-test-uChfrI: Command failed: git branch --show-current
2026-06-23T09:02:44 [WARN] Failed to determine git ref in C:\Users\user\AppData\Local\Temp\wfm-test-jyEtQZ: Command failed: git branch --show-current
2026-06-23T09:02:44 [WARN] Failed to determine git ref in C:\Users\user\AppData\Local\Temp\wfm-test-2o9qIE: Command failed: git branch --show-current
2026-06-23T09:02:46 [WARN] Failed to read C:\Users\user\AppData\Local\Temp\wfm-test-9JFR40\.pi\pipowers-state.json: Unexpected token 'o', "not valid json{{{" is not valid JSON
2026-06-23T09:02:46 [WARN] Failed to determine git ref in C:\Users\user\AppData\Local\Temp\wfm-test-rKbXGU: Command failed: git branch --show-current
2026-06-23T09:02:47 [ERROR] Failed to parse C:\Users\user\AppData\Local\Temp\pipowers-home-Bhg8nZ\.pi\agent\pipowers.toml: Invalid TOML document: only letter, numbers, dashes and underscores are allowed in keys

1:  this is = not valid toml [[[
    ^
. Using defaults.
2026-06-23T09:02:47 [WARN] Failed to determine git ref in C:\Users\user\AppData\Local\Temp\wfm-test-E28ump: Command failed: git branch --show-current
2026-06-23T09:02:50 [WARN] Failed to determine git ref in C:\Users\user\AppData\Local\Temp\wfm-test-zn294M: Command failed: git branch --show-current
2026-06-23T09:02:53 [WARN] Failed to determine git ref in D:\project\pipowers: not a repo
2026-06-23T09:02:56 [WARN] Failed to determine git ref in D:\project\pipowers: not a git repo
2026-06-23T09:04:01 [WARN] Failed to load reference "tdd-rationalizations" from D:\project\pipowers\skills\test-driven-development\reference\rationalizations.md: ENOENT: no such file or directory, open 'D:\project\pipowers\skills\test-driven-development\reference\rationalizations.md'
2026-06-23T09:04:01 [WARN] Failed to load reference "tdd-anti-patterns" from D:\project\pipowers\skills\test-driven-development\testing-anti-patterns.md: ENOENT: no such file or directory, open 'D:\project\pipowers\skills\test-driven-development\testing-anti-patterns.md'
2026-06-23T09:04:01 [WARN] Failed to load reference "tdd-examples" from D:\project\pipowers\skills\test-driven-development\reference\examples.md: ENOENT: no such file or directory, open 'D:\project\pipowers\skills\test-driven-development\reference\examples.md'
2026-06-23T09:04:01 [WARN] Failed to load reference "tdd-when-stuck" from D:\project\pipowers\skills\test-driven-development\reference\when-stuck.md: ENOENT: no such file or directory, open 'D:\project\pipowers\skills\test-driven-development\reference\when-stuck.md'
2026-06-23T09:04:01 [WARN] Failed to load reference "debug-rationalizations" from D:\project\pipowers\skills\systematic-debugging\reference\rationalizations.md: ENOENT: no such file or directory, open 'D:\project\pipowers\skills\systematic-debugging\reference\rationalizations.md'
2026-06-23T09:04:01 [WARN] Failed to load reference "debug-tracing" from D:\project\pipowers\skills\systematic-debugging\root-cause-tracing.md: ENOENT: no such file or directory, open 'D:\project\pipowers\skills\systematic-debugging\root-cause-tracing.md'
2026-06-23T09:04:01 [WARN] Failed to load reference "debug-defense-in-depth" from D:\project\pipowers\skills\systematic-debugging\defense-in-depth.md: ENOENT: no such file or directory, open 'D:\project\pipowers\skills\systematic-debugging\defense-in-depth.md'
2026-06-23T09:04:01 [WARN] Failed to load reference "debug-condition-waiting" from D:\project\pipowers\skills\systematic-debugging\condition-based-waiting.md: ENOENT: no such file or directory, open 'D:\project\pipowers\skills\systematic-debugging\condition-based-waiting.md'
2026-06-23T09:04:05 [WARN] Failed to determine git ref in C:\Users\user\AppData\Local\Temp\wfm-test-EKvArZ: Command failed: git branch --show-current
2026-06-23T09:04:05 [WARN] Failed to determine git ref in C:\Users\user\AppData\Local\Temp\wfm-test-J6HWFo: Command failed: git branch --show-current
2026-06-23T09:04:05 [WARN] Failed to determine git ref in C:\Users\user\AppData\Local\Temp\wfm-test-quEyAf: Command failed: git branch --show-current
2026-06-23T09:04:05 [WARN] Failed to determine git ref in C:\Users\user\AppData\Local\Temp\wfm-test-06cuau: Command failed: git branch --show-current
2026-06-23T09:04:05 [WARN] Failed to determine git ref in C:\Users\user\AppData\Local\Temp\wfm-test-QSAUyS: Command failed: git branch --show-current
2026-06-23T09:04:05 [WARN] Failed to determine git ref in C:\Users\user\AppData\Local\Temp\wfm-test-uFoKwj: Command failed: git branch --show-current
2026-06-23T09:04:07 [WARN] Failed to determine git ref in C:\Users\user\AppData\Local\Temp\wfm-test-ukW0rA: Command failed: git branch --show-current
2026-06-23T09:04:08 [WARN] Failed to determine git ref in C:\Users\user\AppData\Local\Temp\wfm-test-iL5RrA: Command failed: git branch --show-current
2026-06-23T09:04:08 [WARN] Failed to read C:\Users\user\AppData\Local\Temp\wfm-test-iHHotz\.pi\pipowers-state.json: Unexpected token 'o', "not valid json{{{" is not valid JSON
2026-06-23T09:04:08 [WARN] Failed to determine git ref in C:\Users\user\AppData\Local\Temp\wfm-test-xwvKme: Command failed: git branch --show-current
2026-06-23T09:04:08 [ERROR] Failed to parse C:\Users\user\AppData\Local\Temp\pipowers-home-9zFFls\.pi\agent\pipowers.toml: Invalid TOML document: only letter, numbers, dashes and underscores are allowed in keys

1:  this is = not valid toml [[[
    ^
. Using defaults.
2026-06-23T09:04:10 [WARN] Failed to determine git ref in C:\Users\user\AppData\Local\Temp\wfm-test-4Fh2r7: Command failed: git branch --show-current
2026-06-23T09:04:12 [WARN] Failed to determine git ref in D:\project\pipowers: not a git repo
2026-06-23T09:04:12 [WARN] Failed to determine git ref in D:\project\pipowers: not a repo
2026-06-23T09:16:12 [WARN] Failed to load reference "tdd-rationalizations" from D:\project\pipowers\skills\test-driven-development\reference\rationalizations.md: ENOENT: no such file or directory, open 'D:\project\pipowers\skills\test-driven-development\reference\rationalizations.md'
2026-06-23T09:16:12 [WARN] Failed to load reference "tdd-anti-patterns" from D:\project\pipowers\skills\test-driven-development\testing-anti-patterns.md: ENOENT: no such file or directory, open 'D:\project\pipowers\skills\test-driven-development\testing-anti-patterns.md'
2026-06-23T09:16:12 [WARN] Failed to load reference "tdd-examples" from D:\project\pipowers\skills\test-driven-development\reference\examples.md: ENOENT: no such file or directory, open 'D:\project\pipowers\skills\test-driven-development\reference\examples.md'
2026-06-23T09:16:12 [WARN] Failed to load reference "tdd-when-stuck" from D:\project\pipowers\skills\test-driven-development\reference\when-stuck.md: ENOENT: no such file or directory, open 'D:\project\pipowers\skills\test-driven-development\reference\when-stuck.md'
2026-06-23T09:16:12 [WARN] Failed to load reference "debug-rationalizations" from D:\project\pipowers\skills\systematic-debugging\reference\rationalizations.md: ENOENT: no such file or directory, open 'D:\project\pipowers\skills\systematic-debugging\reference\rationalizations.md'
2026-06-23T09:16:12 [WARN] Failed to load reference "debug-tracing" from D:\project\pipowers\skills\systematic-debugging\root-cause-tracing.md: ENOENT: no such file or directory, open 'D:\project\pipowers\skills\systematic-debugging\root-cause-tracing.md'
2026-06-23T09:16:12 [WARN] Failed to load reference "debug-defense-in-depth" from D:\project\pipowers\skills\systematic-debugging\defense-in-depth.md: ENOENT: no such file or directory, open 'D:\project\pipowers\skills\systematic-debugging\defense-in-depth.md'
2026-06-23T09:16:12 [WARN] Failed to load reference "debug-condition-waiting" from D:\project\pipowers\skills\systematic-debugging\condition-based-waiting.md: ENOENT: no such file or directory, open 'D:\project\pipowers\skills\systematic-debugging\condition-based-waiting.md'
2026-06-23T09:16:16 [WARN] Failed to determine git ref in C:\Users\user\AppData\Local\Temp\wfm-test-MOSp9X: Command failed: git branch --show-current
2026-06-23T09:16:16 [WARN] Failed to determine git ref in C:\Users\user\AppData\Local\Temp\wfm-test-zaVOLp: Command failed: git branch --show-current
2026-06-23T09:16:16 [WARN] Failed to determine git ref in C:\Users\user\AppData\Local\Temp\wfm-test-9eESB8: Command failed: git branch --show-current
2026-06-23T09:16:16 [WARN] Failed to determine git ref in C:\Users\user\AppData\Local\Temp\wfm-test-MNjavv: Command failed: git branch --show-current
2026-06-23T09:16:17 [WARN] Failed to determine git ref in C:\Users\user\AppData\Local\Temp\wfm-test-v6opoH: Command failed: git branch --show-current
2026-06-23T09:16:17 [WARN] Failed to determine git ref in C:\Users\user\AppData\Local\Temp\wfm-test-9D8Gn9: Command failed: git branch --show-current
2026-06-23T09:16:17 [WARN] Failed to determine git ref in C:\Users\user\AppData\Local\Temp\wfm-test-G4DJje: Command failed: git branch --show-current
2026-06-23T09:16:19 [WARN] Failed to determine git ref in C:\Users\user\AppData\Local\Temp\wfm-test-Bdv5Xi: Command failed: git branch --show-current
2026-06-23T09:16:19 [WARN] Failed to read C:\Users\user\AppData\Local\Temp\wfm-test-5Cxq4Y\.pi\pipowers-state.json: Unexpected token 'o', "not valid json{{{" is not valid JSON
2026-06-23T09:16:19 [WARN] Failed to determine git ref in C:\Users\user\AppData\Local\Temp\wfm-test-9dWECG: Command failed: git branch --show-current
2026-06-23T09:16:20 [ERROR] Failed to parse C:\Users\user\AppData\Local\Temp\pipowers-home-xTikUs\.pi\agent\pipowers.toml: Invalid TOML document: only letter, numbers, dashes and underscores are allowed in keys

1:  this is = not valid toml [[[
    ^
. Using defaults.
2026-06-23T09:16:22 [WARN] Failed to determine git ref in C:\Users\user\AppData\Local\Temp\wfm-test-VrL8Kh: Command failed: git branch --show-current
2026-06-23T09:16:24 [WARN] Failed to determine git ref in D:\project\pipowers: not a repo
2026-06-23T09:16:27 [WARN] Failed to determine git ref in D:\project\pipowers: not a git repo
2026-06-23T09:16:36 [WARN] Failed to load reference "tdd-rationalizations" from D:\project\pipowers\skills\test-driven-development\reference\rationalizations.md: ENOENT: no such file or directory, open 'D:\project\pipowers\skills\test-driven-development\reference\rationalizations.md'
2026-06-23T09:16:36 [WARN] Failed to load reference "tdd-anti-patterns" from D:\project\pipowers\skills\test-driven-development\testing-anti-patterns.md: ENOENT: no such file or directory, open 'D:\project\pipowers\skills\test-driven-development\testing-anti-patterns.md'
2026-06-23T09:16:36 [WARN] Failed to load reference "tdd-examples" from D:\project\pipowers\skills\test-driven-development\reference\examples.md: ENOENT: no such file or directory, open 'D:\project\pipowers\skills\test-driven-development\reference\examples.md'
2026-06-23T09:16:36 [WARN] Failed to load reference "tdd-when-stuck" from D:\project\pipowers\skills\test-driven-development\reference\when-stuck.md: ENOENT: no such file or directory, open 'D:\project\pipowers\skills\test-driven-development\reference\when-stuck.md'
2026-06-23T09:16:36 [WARN] Failed to load reference "debug-rationalizations" from D:\project\pipowers\skills\systematic-debugging\reference\rationalizations.md: ENOENT: no such file or directory, open 'D:\project\pipowers\skills\systematic-debugging\reference\rationalizations.md'
2026-06-23T09:16:36 [WARN] Failed to load reference "debug-tracing" from D:\project\pipowers\skills\systematic-debugging\root-cause-tracing.md: ENOENT: no such file or directory, open 'D:\project\pipowers\skills\systematic-debugging\root-cause-tracing.md'
2026-06-23T09:16:36 [WARN] Failed to load reference "debug-defense-in-depth" from D:\project\pipowers\skills\systematic-debugging\defense-in-depth.md: ENOENT: no such file or directory, open 'D:\project\pipowers\skills\systematic-debugging\defense-in-depth.md'
2026-06-23T09:16:36 [WARN] Failed to load reference "debug-condition-waiting" from D:\project\pipowers\skills\systematic-debugging\condition-based-waiting.md: ENOENT: no such file or directory, open 'D:\project\pipowers\skills\systematic-debugging\condition-based-waiting.md'
2026-06-23T09:16:41 [WARN] Failed to determine git ref in C:\Users\user\AppData\Local\Temp\wfm-test-M4VnHy: Command failed: git branch --show-current
2026-06-23T09:16:41 [WARN] Failed to determine git ref in C:\Users\user\AppData\Local\Temp\wfm-test-SUCeu2: Command failed: git branch --show-current
2026-06-23T09:16:41 [WARN] Failed to determine git ref in C:\Users\user\AppData\Local\Temp\wfm-test-lcaRG8: Command failed: git branch --show-current
2026-06-23T09:16:41 [WARN] Failed to determine git ref in C:\Users\user\AppData\Local\Temp\wfm-test-9mjwhl: Command failed: git branch --show-current
2026-06-23T09:16:41 [WARN] Failed to determine git ref in C:\Users\user\AppData\Local\Temp\wfm-test-425qSa: Command failed: git branch --show-current
2026-06-23T09:16:41 [WARN] Failed to determine git ref in C:\Users\user\AppData\Local\Temp\wfm-test-bMgMuL: Command failed: git branch --show-current
2026-06-23T09:16:41 [WARN] Failed to determine git ref in C:\Users\user\AppData\Local\Temp\wfm-test-3MwUb9: Command failed: git branch --show-current
2026-06-23T09:16:44 [WARN] Failed to read C:\Users\user\AppData\Local\Temp\wfm-test-q023wm\.pi\pipowers-state.json: Unexpected token 'o', "not valid json{{{" is not valid JSON
2026-06-23T09:16:44 [WARN] Failed to determine git ref in C:\Users\user\AppData\Local\Temp\wfm-test-JeSoJ0: Command failed: git branch --show-current
2026-06-23T09:16:44 [ERROR] Failed to parse C:\Users\user\AppData\Local\Temp\pipowers-home-Pf06aN\.pi\agent\pipowers.toml: Invalid TOML document: only letter, numbers, dashes and underscores are allowed in keys

1:  this is = not valid toml [[[
    ^
. Using defaults.
2026-06-23T09:16:44 [WARN] Failed to determine git ref in C:\Users\user\AppData\Local\Temp\wfm-test-mZVg3w: Command failed: git branch --show-current
2026-06-23T09:16:46 [WARN] Failed to determine git ref in C:\Users\user\AppData\Local\Temp\wfm-test-UAA4JN: Command failed: git branch --show-current
2026-06-23T09:16:49 [WARN] Failed to determine git ref in D:\project\pipowers: not a repo
2026-06-23T09:16:52 [WARN] Failed to determine git ref in D:\project\pipowers: not a git repo
2026-06-23T09:23:18 [WARN] Failed to load reference "tdd-rationalizations" from D:\project\pipowers\skills\test-driven-development\reference\rationalizations.md: ENOENT: no such file or directory, open 'D:\project\pipowers\skills\test-driven-development\reference\rationalizations.md'
2026-06-23T09:23:18 [WARN] Failed to load reference "tdd-anti-patterns" from D:\project\pipowers\skills\test-driven-development\testing-anti-patterns.md: ENOENT: no such file or directory, open 'D:\project\pipowers\skills\test-driven-development\testing-anti-patterns.md'
2026-06-23T09:23:18 [WARN] Failed to load reference "tdd-examples" from D:\project\pipowers\skills\test-driven-development\reference\examples.md: ENOENT: no such file or directory, open 'D:\project\pipowers\skills\test-driven-development\reference\examples.md'
2026-06-23T09:23:18 [WARN] Failed to load reference "tdd-when-stuck" from D:\project\pipowers\skills\test-driven-development\reference\when-stuck.md: ENOENT: no such file or directory, open 'D:\project\pipowers\skills\test-driven-development\reference\when-stuck.md'
2026-06-23T09:23:18 [WARN] Failed to load reference "debug-rationalizations" from D:\project\pipowers\skills\systematic-debugging\reference\rationalizations.md: ENOENT: no such file or directory, open 'D:\project\pipowers\skills\systematic-debugging\reference\rationalizations.md'
2026-06-23T09:23:18 [WARN] Failed to load reference "debug-tracing" from D:\project\pipowers\skills\systematic-debugging\root-cause-tracing.md: ENOENT: no such file or directory, open 'D:\project\pipowers\skills\systematic-debugging\root-cause-tracing.md'
2026-06-23T09:23:18 [WARN] Failed to load reference "debug-defense-in-depth" from D:\project\pipowers\skills\systematic-debugging\defense-in-depth.md: ENOENT: no such file or directory, open 'D:\project\pipowers\skills\systematic-debugging\defense-in-depth.md'
2026-06-23T09:23:18 [WARN] Failed to load reference "debug-condition-waiting" from D:\project\pipowers\skills\systematic-debugging\condition-based-waiting.md: ENOENT: no such file or directory, open 'D:\project\pipowers\skills\systematic-debugging\condition-based-waiting.md'
2026-06-23T09:23:41 [WARN] Failed to determine git ref in C:\Users\user\AppData\Local\Temp\wfm-test-122Aa4: Command failed: git branch --show-current
2026-06-23T09:23:41 [WARN] Failed to determine git ref in C:\Users\user\AppData\Local\Temp\wfm-test-zcliFL: Command failed: git branch --show-current
2026-06-23T09:23:41 [WARN] Failed to determine git ref in C:\Users\user\AppData\Local\Temp\wfm-test-hmHEl2: Command failed: git branch --show-current
2026-06-23T09:23:41 [WARN] Failed to determine git ref in C:\Users\user\AppData\Local\Temp\wfm-test-PVFkpf: Command failed: git branch --show-current
2026-06-23T09:23:41 [WARN] Failed to determine git ref in C:\Users\user\AppData\Local\Temp\wfm-test-vZLxxk: Command failed: git branch --show-current
2026-06-23T09:23:41 [WARN] Failed to determine git ref in C:\Users\user\AppData\Local\Temp\wfm-test-SLk6QS: Command failed: git branch --show-current
2026-06-23T09:23:41 [WARN] Failed to determine git ref in C:\Users\user\AppData\Local\Temp\wfm-test-YYfCKD: Command failed: git branch --show-current
2026-06-23T09:23:43 [ERROR] Failed to parse C:\Users\user\AppData\Local\Temp\pipowers-home-O97zHu\.pi\agent\pipowers.toml: Invalid TOML document: only letter, numbers, dashes and underscores are allowed in keys

1:  this is = not valid toml [[[
    ^
. Using defaults.
2026-06-23T09:23:44 [WARN] Failed to read C:\Users\user\AppData\Local\Temp\wfm-test-Ba8wBV\.pi\pipowers-state.json: Unexpected token 'o', "not valid json{{{" is not valid JSON
2026-06-23T09:23:44 [WARN] Failed to determine git ref in C:\Users\user\AppData\Local\Temp\wfm-test-aPw9Ir: Command failed: git branch --show-current
2026-06-23T09:23:44 [WARN] Failed to determine git ref in C:\Users\user\AppData\Local\Temp\wfm-test-9o3dm0: Command failed: git branch --show-current
2026-06-23T09:23:48 [WARN] Failed to determine git ref in C:\Users\user\AppData\Local\Temp\wfm-test-Vm4M6X: Command failed: git branch --show-current
2026-06-23T09:23:50 [WARN] Failed to determine git ref in D:\project\pipowers: not a repo
2026-06-23T09:23:53 [WARN] Failed to determine git ref in D:\project\pipowers: not a git repo
2026-06-23T09:24:02 [WARN] Failed to load reference "tdd-rationalizations" from D:\project\pipowers\skills\test-driven-development\reference\rationalizations.md: ENOENT: no such file or directory, open 'D:\project\pipowers\skills\test-driven-development\reference\rationalizations.md'
2026-06-23T09:24:02 [WARN] Failed to load reference "tdd-anti-patterns" from D:\project\pipowers\skills\test-driven-development\testing-anti-patterns.md: ENOENT: no such file or directory, open 'D:\project\pipowers\skills\test-driven-development\testing-anti-patterns.md'
2026-06-23T09:24:02 [WARN] Failed to load reference "tdd-examples" from D:\project\pipowers\skills\test-driven-development\reference\examples.md: ENOENT: no such file or directory, open 'D:\project\pipowers\skills\test-driven-development\reference\examples.md'
2026-06-23T09:24:02 [WARN] Failed to load reference "tdd-when-stuck" from D:\project\pipowers\skills\test-driven-development\reference\when-stuck.md: ENOENT: no such file or directory, open 'D:\project\pipowers\skills\test-driven-development\reference\when-stuck.md'
2026-06-23T09:24:02 [WARN] Failed to load reference "debug-rationalizations" from D:\project\pipowers\skills\systematic-debugging\reference\rationalizations.md: ENOENT: no such file or directory, open 'D:\project\pipowers\skills\systematic-debugging\reference\rationalizations.md'
2026-06-23T09:24:02 [WARN] Failed to load reference "debug-tracing" from D:\project\pipowers\skills\systematic-debugging\root-cause-tracing.md: ENOENT: no such file or directory, open 'D:\project\pipowers\skills\systematic-debugging\root-cause-tracing.md'
2026-06-23T09:24:02 [WARN] Failed to load reference "debug-defense-in-depth" from D:\project\pipowers\skills\systematic-debugging\defense-in-depth.md: ENOENT: no such file or directory, open 'D:\project\pipowers\skills\systematic-debugging\defense-in-depth.md'
2026-06-23T09:24:02 [WARN] Failed to load reference "debug-condition-waiting" from D:\project\pipowers\skills\systematic-debugging\condition-based-waiting.md: ENOENT: no such file or directory, open 'D:\project\pipowers\skills\systematic-debugging\condition-based-waiting.md'
2026-06-23T09:24:07 [WARN] Failed to determine git ref in C:\Users\user\AppData\Local\Temp\wfm-test-ZtXJE6: Command failed: git branch --show-current
2026-06-23T09:24:07 [WARN] Failed to determine git ref in C:\Users\user\AppData\Local\Temp\wfm-test-uAU46S: Command failed: git branch --show-current
2026-06-23T09:24:07 [WARN] Failed to determine git ref in C:\Users\user\AppData\Local\Temp\wfm-test-FWga3C: Command failed: git branch --show-current
2026-06-23T09:24:07 [WARN] Failed to determine git ref in C:\Users\user\AppData\Local\Temp\wfm-test-7sCJmx: Command failed: git branch --show-current
2026-06-23T09:24:08 [WARN] Failed to determine git ref in C:\Users\user\AppData\Local\Temp\wfm-test-42kmqC: Command failed: git branch --show-current
2026-06-23T09:24:08 [WARN] Failed to determine git ref in C:\Users\user\AppData\Local\Temp\wfm-test-NVdJzr: Command failed: git branch --show-current
2026-06-23T09:24:08 [WARN] Failed to determine git ref in C:\Users\user\AppData\Local\Temp\wfm-test-9KjuEr: Command failed: git branch --show-current
2026-06-23T09:24:09 [ERROR] Failed to parse C:\Users\user\AppData\Local\Temp\pipowers-home-f8fGWa\.pi\agent\pipowers.toml: Invalid TOML document: only letter, numbers, dashes and underscores are allowed in keys

1:  this is = not valid toml [[[
    ^
. Using defaults.
2026-06-23T09:24:12 [WARN] Failed to read C:\Users\user\AppData\Local\Temp\wfm-test-mEPTrh\.pi\pipowers-state.json: Unexpected token 'o', "not valid json{{{" is not valid JSON
2026-06-23T09:24:12 [WARN] Failed to determine git ref in C:\Users\user\AppData\Local\Temp\wfm-test-tivu1N: Command failed: git branch --show-current
2026-06-23T09:24:12 [WARN] Failed to determine git ref in C:\Users\user\AppData\Local\Temp\wfm-test-IW0ffF: Command failed: git branch --show-current
2026-06-23T09:24:15 [WARN] Failed to determine git ref in C:\Users\user\AppData\Local\Temp\wfm-test-p41oGs: Command failed: git branch --show-current
2026-06-23T09:24:18 [WARN] Failed to determine git ref in D:\project\pipowers: not a repo
2026-06-23T09:24:22 [WARN] Failed to determine git ref in D:\project\pipowers: not a git repo
2026-06-23T09:24:35 [WARN] Failed to load reference "tdd-rationalizations" from D:\project\pipowers\skills\test-driven-development\reference\rationalizations.md: ENOENT: no such file or directory, open 'D:\project\pipowers\skills\test-driven-development\reference\rationalizations.md'
2026-06-23T09:24:35 [WARN] Failed to load reference "tdd-anti-patterns" from D:\project\pipowers\skills\test-driven-development\testing-anti-patterns.md: ENOENT: no such file or directory, open 'D:\project\pipowers\skills\test-driven-development\testing-anti-patterns.md'
2026-06-23T09:24:35 [WARN] Failed to load reference "tdd-examples" from D:\project\pipowers\skills\test-driven-development\reference\examples.md: ENOENT: no such file or directory, open 'D:\project\pipowers\skills\test-driven-development\reference\examples.md'
2026-06-23T09:24:35 [WARN] Failed to load reference "tdd-when-stuck" from D:\project\pipowers\skills\test-driven-development\reference\when-stuck.md: ENOENT: no such file or directory, open 'D:\project\pipowers\skills\test-driven-development\reference\when-stuck.md'
2026-06-23T09:24:35 [WARN] Failed to load reference "debug-rationalizations" from D:\project\pipowers\skills\systematic-debugging\reference\rationalizations.md: ENOENT: no such file or directory, open 'D:\project\pipowers\skills\systematic-debugging\reference\rationalizations.md'
2026-06-23T09:24:35 [WARN] Failed to load reference "debug-tracing" from D:\project\pipowers\skills\systematic-debugging\root-cause-tracing.md: ENOENT: no such file or directory, open 'D:\project\pipowers\skills\systematic-debugging\root-cause-tracing.md'
2026-06-23T09:24:35 [WARN] Failed to load reference "debug-defense-in-depth" from D:\project\pipowers\skills\systematic-debugging\defense-in-depth.md: ENOENT: no such file or directory, open 'D:\project\pipowers\skills\systematic-debugging\defense-in-depth.md'
2026-06-23T09:24:35 [WARN] Failed to load reference "debug-condition-waiting" from D:\project\pipowers\skills\systematic-debugging\condition-based-waiting.md: ENOENT: no such file or directory, open 'D:\project\pipowers\skills\systematic-debugging\condition-based-waiting.md'
2026-06-23T09:24:37 [WARN] Failed to determine git ref in C:\Users\user\AppData\Local\Temp\wfm-test-xD1mzo: Command failed: git branch --show-current
2026-06-23T09:24:37 [WARN] Failed to determine git ref in C:\Users\user\AppData\Local\Temp\wfm-test-4ZdZHi: Command failed: git branch --show-current
2026-06-23T09:24:37 [WARN] Failed to determine git ref in C:\Users\user\AppData\Local\Temp\wfm-test-PYkKrX: Command failed: git branch --show-current
2026-06-23T09:24:37 [WARN] Failed to determine git ref in C:\Users\user\AppData\Local\Temp\wfm-test-YrgdJ5: Command failed: git branch --show-current
2026-06-23T09:24:37 [WARN] Failed to determine git ref in C:\Users\user\AppData\Local\Temp\wfm-test-QbCYbJ: Command failed: git branch --show-current
2026-06-23T09:24:37 [WARN] Failed to determine git ref in C:\Users\user\AppData\Local\Temp\wfm-test-Jazp6d: Command failed: git branch --show-current
2026-06-23T09:24:37 [WARN] Failed to determine git ref in C:\Users\user\AppData\Local\Temp\wfm-test-DwHcXd: Command failed: git branch --show-current
2026-06-23T09:24:40 [WARN] Failed to read C:\Users\user\AppData\Local\Temp\wfm-test-9VbqKz\.pi\pipowers-state.json: Unexpected token 'o', "not valid json{{{" is not valid JSON
2026-06-23T09:24:40 [WARN] Failed to determine git ref in C:\Users\user\AppData\Local\Temp\wfm-test-KQeZUC: Command failed: git branch --show-current
2026-06-23T09:24:41 [WARN] Failed to determine git ref in C:\Users\user\AppData\Local\Temp\wfm-test-R5amqH: Command failed: git branch --show-current
2026-06-23T09:24:42 [WARN] Failed to determine git ref in C:\Users\user\AppData\Local\Temp\wfm-test-ZJi7Hd: Command failed: git branch --show-current
2026-06-23T09:24:45 [WARN] Failed to determine git ref in D:\project\pipowers: not a repo
2026-06-23T09:24:48 [WARN] Failed to determine git ref in D:\project\pipowers: not a git repo
2026-06-23T09:24:56 [WARN] Failed to load reference "tdd-rationalizations" from D:\project\pipowers\skills\test-driven-development\reference\rationalizations.md: ENOENT: no such file or directory, open 'D:\project\pipowers\skills\test-driven-development\reference\rationalizations.md'
2026-06-23T09:24:56 [WARN] Failed to load reference "tdd-anti-patterns" from D:\project\pipowers\skills\test-driven-development\testing-anti-patterns.md: ENOENT: no such file or directory, open 'D:\project\pipowers\skills\test-driven-development\testing-anti-patterns.md'
2026-06-23T09:24:56 [WARN] Failed to load reference "tdd-examples" from D:\project\pipowers\skills\test-driven-development\reference\examples.md: ENOENT: no such file or directory, open 'D:\project\pipowers\skills\test-driven-development\reference\examples.md'
2026-06-23T09:24:56 [WARN] Failed to load reference "tdd-when-stuck" from D:\project\pipowers\skills\test-driven-development\reference\when-stuck.md: ENOENT: no such file or directory, open 'D:\project\pipowers\skills\test-driven-development\reference\when-stuck.md'
2026-06-23T09:24:56 [WARN] Failed to load reference "debug-rationalizations" from D:\project\pipowers\skills\systematic-debugging\reference\rationalizations.md: ENOENT: no such file or directory, open 'D:\project\pipowers\skills\systematic-debugging\reference\rationalizations.md'
2026-06-23T09:24:56 [WARN] Failed to load reference "debug-tracing" from D:\project\pipowers\skills\systematic-debugging\root-cause-tracing.md: ENOENT: no such file or directory, open 'D:\project\pipowers\skills\systematic-debugging\root-cause-tracing.md'
2026-06-23T09:24:56 [WARN] Failed to load reference "debug-defense-in-depth" from D:\project\pipowers\skills\systematic-debugging\defense-in-depth.md: ENOENT: no such file or directory, open 'D:\project\pipowers\skills\systematic-debugging\defense-in-depth.md'
2026-06-23T09:24:56 [WARN] Failed to load reference "debug-condition-waiting" from D:\project\pipowers\skills\systematic-debugging\condition-based-waiting.md: ENOENT: no such file or directory, open 'D:\project\pipowers\skills\systematic-debugging\condition-based-waiting.md'
2026-06-23T09:24:58 [WARN] Failed to determine git ref in C:\Users\user\AppData\Local\Temp\wfm-test-RMfCR0: Command failed: git branch --show-current
2026-06-23T09:24:58 [WARN] Failed to determine git ref in C:\Users\user\AppData\Local\Temp\wfm-test-t3trXA: Command failed: git branch --show-current
2026-06-23T09:24:58 [WARN] Failed to determine git ref in C:\Users\user\AppData\Local\Temp\wfm-test-G11Aix: Command failed: git branch --show-current
2026-06-23T09:24:58 [WARN] Failed to determine git ref in C:\Users\user\AppData\Local\Temp\wfm-test-QOf1CV: Command failed: git branch --show-current
2026-06-23T09:24:59 [WARN] Failed to determine git ref in C:\Users\user\AppData\Local\Temp\wfm-test-NGn5ev: Command failed: git branch --show-current
2026-06-23T09:24:59 [WARN] Failed to determine git ref in C:\Users\user\AppData\Local\Temp\wfm-test-Hx2r3y: Command failed: git branch --show-current
2026-06-23T09:24:59 [WARN] Failed to determine git ref in C:\Users\user\AppData\Local\Temp\wfm-test-m8aIMk: Command failed: git branch --show-current
2026-06-23T09:25:01 [WARN] Failed to read C:\Users\user\AppData\Local\Temp\wfm-test-zUpg5j\.pi\pipowers-state.json: Unexpected token 'o', "not valid json{{{" is not valid JSON
2026-06-23T09:25:01 [WARN] Failed to determine git ref in C:\Users\user\AppData\Local\Temp\wfm-test-gl6WVl: Command failed: git branch --show-current
2026-06-23T09:25:02 [WARN] Failed to determine git ref in C:\Users\user\AppData\Local\Temp\wfm-test-ABhthx: Command failed: git branch --show-current
2026-06-23T09:25:04 [WARN] Failed to determine git ref in C:\Users\user\AppData\Local\Temp\wfm-test-iDLq4y: Command failed: git branch --show-current
2026-06-23T09:25:07 [WARN] Failed to determine git ref in D:\project\pipowers: not a repo
2026-06-23T09:25:09 [WARN] Failed to determine git ref in D:\project\pipowers: not a git repo
2026-06-23T09:32:43 [ERROR] Failed to parse C:\Users\user\AppData\Local\Temp\pipowers-home-uNWqTA\.pi\agent\pipowers.toml: Invalid TOML document: only letter, numbers, dashes and underscores are allowed in keys

1:  this is = not valid toml [[[
    ^
. Using defaults.
2026-06-23T09:33:32 [WARN] Detected legacy `pi-superpowers-plus` config key in C:\Users\user\AppData\Local\Temp\pipowers-home-tEDrgS\.pi\agent\config.json. pipowers uses its own TOML config files. Run /pipwr_config to set up the new config.
2026-06-23T09:33:38 [ERROR] Failed to parse C:\Users\user\AppData\Local\Temp\pipowers-home-Yd0d4V\.pi\agent\pipowers.toml: Invalid TOML document: only letter, numbers, dashes and underscores are allowed in keys

1:  this is = not valid toml [[[
    ^
. Using defaults.
2026-06-23T09:33:38 [WARN] Detected legacy `pi-superpowers-plus` config key in C:\Users\user\AppData\Local\Temp\pipowers-home-c98Y1k\.pi\agent\config.json. pipowers uses its own TOML config files. Run /pipwr_config to set up the new config.
2026-06-23T09:33:45 [WARN] Failed to load reference "tdd-rationalizations" from D:\project\pipowers\skills\test-driven-development\reference\rationalizations.md: ENOENT: no such file or directory, open 'D:\project\pipowers\skills\test-driven-development\reference\rationalizations.md'
2026-06-23T09:33:45 [WARN] Failed to load reference "tdd-anti-patterns" from D:\project\pipowers\skills\test-driven-development\testing-anti-patterns.md: ENOENT: no such file or directory, open 'D:\project\pipowers\skills\test-driven-development\testing-anti-patterns.md'
2026-06-23T09:33:45 [WARN] Failed to load reference "tdd-examples" from D:\project\pipowers\skills\test-driven-development\reference\examples.md: ENOENT: no such file or directory, open 'D:\project\pipowers\skills\test-driven-development\reference\examples.md'
2026-06-23T09:33:45 [WARN] Failed to load reference "tdd-when-stuck" from D:\project\pipowers\skills\test-driven-development\reference\when-stuck.md: ENOENT: no such file or directory, open 'D:\project\pipowers\skills\test-driven-development\reference\when-stuck.md'
2026-06-23T09:33:45 [WARN] Failed to load reference "debug-rationalizations" from D:\project\pipowers\skills\systematic-debugging\reference\rationalizations.md: ENOENT: no such file or directory, open 'D:\project\pipowers\skills\systematic-debugging\reference\rationalizations.md'
2026-06-23T09:33:45 [WARN] Failed to load reference "debug-tracing" from D:\project\pipowers\skills\systematic-debugging\root-cause-tracing.md: ENOENT: no such file or directory, open 'D:\project\pipowers\skills\systematic-debugging\root-cause-tracing.md'
2026-06-23T09:33:45 [WARN] Failed to load reference "debug-defense-in-depth" from D:\project\pipowers\skills\systematic-debugging\defense-in-depth.md: ENOENT: no such file or directory, open 'D:\project\pipowers\skills\systematic-debugging\defense-in-depth.md'
2026-06-23T09:33:45 [WARN] Failed to load reference "debug-condition-waiting" from D:\project\pipowers\skills\systematic-debugging\condition-based-waiting.md: ENOENT: no such file or directory, open 'D:\project\pipowers\skills\systematic-debugging\condition-based-waiting.md'
2026-06-23T09:33:49 [WARN] Failed to determine git ref in C:\Users\user\AppData\Local\Temp\wfm-test-izOYzp: Command failed: git branch --show-current
2026-06-23T09:33:49 [WARN] Failed to determine git ref in C:\Users\user\AppData\Local\Temp\wfm-test-J5aKU9: Command failed: git branch --show-current
2026-06-23T09:33:49 [WARN] Failed to determine git ref in C:\Users\user\AppData\Local\Temp\wfm-test-B4eBMd: Command failed: git branch --show-current
2026-06-23T09:33:49 [WARN] Failed to determine git ref in C:\Users\user\AppData\Local\Temp\wfm-test-bvwPQX: Command failed: git branch --show-current
2026-06-23T09:33:49 [WARN] Failed to determine git ref in C:\Users\user\AppData\Local\Temp\wfm-test-sMe6Nf: Command failed: git branch --show-current
2026-06-23T09:33:51 [WARN] Failed to determine git ref in C:\Users\user\AppData\Local\Temp\wfm-test-n71mC0: Command failed: git branch --show-current
2026-06-23T09:33:51 [WARN] Failed to determine git ref in C:\Users\user\AppData\Local\Temp\wfm-test-1vUEij: Command failed: git branch --show-current
2026-06-23T09:33:52 [WARN] Failed to determine git ref in C:\Users\user\AppData\Local\Temp\wfm-test-SfuNCE: Command failed: git branch --show-current
2026-06-23T09:33:52 [WARN] Failed to read C:\Users\user\AppData\Local\Temp\wfm-test-7sZwEW\.pi\pipowers-state.json: Unexpected token 'o', "not valid json{{{" is not valid JSON
2026-06-23T09:33:52 [WARN] Failed to determine git ref in C:\Users\user\AppData\Local\Temp\wfm-test-DqkUME: Command failed: git branch --show-current
2026-06-23T09:33:54 [WARN] Failed to determine git ref in C:\Users\user\AppData\Local\Temp\wfm-test-0eYvky: Command failed: git branch --show-current
2026-06-23T09:33:55 [ERROR] Failed to parse C:\Users\user\AppData\Local\Temp\pipowers-home-pxfF08\.pi\agent\pipowers.toml: Invalid TOML document: only letter, numbers, dashes and underscores are allowed in keys

1:  this is = not valid toml [[[
    ^
. Using defaults.
2026-06-23T09:33:56 [WARN] Detected legacy `pi-superpowers-plus` config key in C:\Users\user\AppData\Local\Temp\pipowers-home-z8cEmM\.pi\agent\config.json. pipowers uses its own TOML config files. Run /pipwr_config to set up the new config.
2026-06-23T09:33:58 [WARN] Failed to determine git ref in D:\project\pipowers: not a repo
2026-06-23T09:34:01 [WARN] Failed to determine git ref in D:\project\pipowers: not a git repo
2026-06-23T09:34:10 [WARN] Failed to load reference "tdd-rationalizations" from D:\project\pipowers\skills\test-driven-development\reference\rationalizations.md: ENOENT: no such file or directory, open 'D:\project\pipowers\skills\test-driven-development\reference\rationalizations.md'
2026-06-23T09:34:10 [WARN] Failed to load reference "tdd-anti-patterns" from D:\project\pipowers\skills\test-driven-development\testing-anti-patterns.md: ENOENT: no such file or directory, open 'D:\project\pipowers\skills\test-driven-development\testing-anti-patterns.md'
2026-06-23T09:34:10 [WARN] Failed to load reference "tdd-examples" from D:\project\pipowers\skills\test-driven-development\reference\examples.md: ENOENT: no such file or directory, open 'D:\project\pipowers\skills\test-driven-development\reference\examples.md'
2026-06-23T09:34:10 [WARN] Failed to load reference "tdd-when-stuck" from D:\project\pipowers\skills\test-driven-development\reference\when-stuck.md: ENOENT: no such file or directory, open 'D:\project\pipowers\skills\test-driven-development\reference\when-stuck.md'
2026-06-23T09:34:10 [WARN] Failed to load reference "debug-rationalizations" from D:\project\pipowers\skills\systematic-debugging\reference\rationalizations.md: ENOENT: no such file or directory, open 'D:\project\pipowers\skills\systematic-debugging\reference\rationalizations.md'
2026-06-23T09:34:10 [WARN] Failed to load reference "debug-tracing" from D:\project\pipowers\skills\systematic-debugging\root-cause-tracing.md: ENOENT: no such file or directory, open 'D:\project\pipowers\skills\systematic-debugging\root-cause-tracing.md'
2026-06-23T09:34:10 [WARN] Failed to load reference "debug-defense-in-depth" from D:\project\pipowers\skills\systematic-debugging\defense-in-depth.md: ENOENT: no such file or directory, open 'D:\project\pipowers\skills\systematic-debugging\defense-in-depth.md'
2026-06-23T09:34:10 [WARN] Failed to load reference "debug-condition-waiting" from D:\project\pipowers\skills\systematic-debugging\condition-based-waiting.md: ENOENT: no such file or directory, open 'D:\project\pipowers\skills\systematic-debugging\condition-based-waiting.md'
2026-06-23T09:34:14 [WARN] Failed to determine git ref in C:\Users\user\AppData\Local\Temp\wfm-test-aK6sS4: Command failed: git branch --show-current
2026-06-23T09:34:14 [WARN] Failed to determine git ref in C:\Users\user\AppData\Local\Temp\wfm-test-TaMYq4: Command failed: git branch --show-current
2026-06-23T09:34:14 [WARN] Failed to determine git ref in C:\Users\user\AppData\Local\Temp\wfm-test-UhN7w9: Command failed: git branch --show-current
2026-06-23T09:34:15 [WARN] Failed to determine git ref in C:\Users\user\AppData\Local\Temp\wfm-test-quqxac: Command failed: git branch --show-current
2026-06-23T09:34:15 [WARN] Failed to determine git ref in C:\Users\user\AppData\Local\Temp\wfm-test-4ARGU5: Command failed: git branch --show-current
2026-06-23T09:34:15 [WARN] Failed to determine git ref in C:\Users\user\AppData\Local\Temp\wfm-test-GS3hwL: Command failed: git branch --show-current
2026-06-23T09:34:16 [WARN] Failed to determine git ref in C:\Users\user\AppData\Local\Temp\wfm-test-7G2UjX: Command failed: git branch --show-current
2026-06-23T09:34:17 [WARN] Failed to read C:\Users\user\AppData\Local\Temp\wfm-test-TJ37zN\.pi\pipowers-state.json: Unexpected token 'o', "not valid json{{{" is not valid JSON
2026-06-23T09:34:17 [ERROR] Failed to parse C:\Users\user\AppData\Local\Temp\pipowers-home-SWH88d\.pi\agent\pipowers.toml: Invalid TOML document: only letter, numbers, dashes and underscores are allowed in keys

1:  this is = not valid toml [[[
    ^
. Using defaults.
2026-06-23T09:34:17 [WARN] Detected legacy `pi-superpowers-plus` config key in C:\Users\user\AppData\Local\Temp\pipowers-home-KBc76q\.pi\agent\config.json. pipowers uses its own TOML config files. Run /pipwr_config to set up the new config.
2026-06-23T09:34:17 [WARN] Failed to determine git ref in C:\Users\user\AppData\Local\Temp\wfm-test-vELNUu: Command failed: git branch --show-current
2026-06-23T09:34:20 [WARN] Failed to determine git ref in C:\Users\user\AppData\Local\Temp\wfm-test-gesqHp: Command failed: git branch --show-current
2026-06-23T09:34:20 [WARN] Failed to determine git ref in C:\Users\user\AppData\Local\Temp\wfm-test-xBtUYe: Command failed: git branch --show-current
2026-06-23T09:34:22 [WARN] Failed to determine git ref in D:\project\pipowers: not a repo
2026-06-23T09:34:26 [WARN] Failed to determine git ref in D:\project\pipowers: not a git repo
2026-06-23T09:34:39 [WARN] Failed to load reference "tdd-rationalizations" from D:\project\pipowers\skills\test-driven-development\reference\rationalizations.md: ENOENT: no such file or directory, open 'D:\project\pipowers\skills\test-driven-development\reference\rationalizations.md'
2026-06-23T09:34:39 [WARN] Failed to load reference "tdd-anti-patterns" from D:\project\pipowers\skills\test-driven-development\testing-anti-patterns.md: ENOENT: no such file or directory, open 'D:\project\pipowers\skills\test-driven-development\testing-anti-patterns.md'
2026-06-23T09:34:39 [WARN] Failed to load reference "tdd-examples" from D:\project\pipowers\skills\test-driven-development\reference\examples.md: ENOENT: no such file or directory, open 'D:\project\pipowers\skills\test-driven-development\reference\examples.md'
2026-06-23T09:34:39 [WARN] Failed to load reference "tdd-when-stuck" from D:\project\pipowers\skills\test-driven-development\reference\when-stuck.md: ENOENT: no such file or directory, open 'D:\project\pipowers\skills\test-driven-development\reference\when-stuck.md'
2026-06-23T09:34:39 [WARN] Failed to load reference "debug-rationalizations" from D:\project\pipowers\skills\systematic-debugging\reference\rationalizations.md: ENOENT: no such file or directory, open 'D:\project\pipowers\skills\systematic-debugging\reference\rationalizations.md'
2026-06-23T09:34:39 [WARN] Failed to load reference "debug-tracing" from D:\project\pipowers\skills\systematic-debugging\root-cause-tracing.md: ENOENT: no such file or directory, open 'D:\project\pipowers\skills\systematic-debugging\root-cause-tracing.md'
2026-06-23T09:34:39 [WARN] Failed to load reference "debug-defense-in-depth" from D:\project\pipowers\skills\systematic-debugging\defense-in-depth.md: ENOENT: no such file or directory, open 'D:\project\pipowers\skills\systematic-debugging\defense-in-depth.md'
2026-06-23T09:34:39 [WARN] Failed to load reference "debug-condition-waiting" from D:\project\pipowers\skills\systematic-debugging\condition-based-waiting.md: ENOENT: no such file or directory, open 'D:\project\pipowers\skills\systematic-debugging\condition-based-waiting.md'
2026-06-23T09:34:48 [ERROR] Failed to parse C:\Users\user\AppData\Local\Temp\pipowers-home-tOuAA5\.pi\agent\pipowers.toml: Invalid TOML document: only letter, numbers, dashes and underscores are allowed in keys

1:  this is = not valid toml [[[
    ^
. Using defaults.
2026-06-23T09:34:48 [WARN] Detected legacy `pi-superpowers-plus` config key in C:\Users\user\AppData\Local\Temp\pipowers-home-LKsWcz\.pi\agent\config.json. pipowers uses its own TOML config files. Run /pipwr_config to set up the new config.
2026-06-23T09:37:00 [ERROR] Failed to parse C:\Users\user\AppData\Local\Temp\pipowers-home-7wAoEt\.pi\agent\pipowers.toml: Invalid TOML document: only letter, numbers, dashes and underscores are allowed in keys

1:  this is = not valid toml [[[
    ^
. Using defaults.
2026-06-23T09:37:01 [WARN] Detected legacy `pi-superpowers-plus` config key in C:\Users\user\AppData\Local\Temp\pipowers-home-klQEvI\.pi\agent\config.json. pipowers uses its own TOML config files. Run /pipwr_config to set up the new config.
2026-06-23T09:38:39 [ERROR] Failed to parse C:\Users\user\AppData\Local\Temp\pipowers-home-MCHuwX\.pi\agent\pipowers.toml: Invalid TOML document: only letter, numbers, dashes and underscores are allowed in keys

1:  this is = not valid toml [[[
    ^
. Using defaults.
2026-06-23T09:38:39 [WARN] Detected legacy `pi-superpowers-plus` config key in C:\Users\user\AppData\Local\Temp\pipowers-home-f1ATIR\.pi\agent\config.json. pipowers uses its own TOML config files. Run /pipwr_config to set up the new config.
2026-06-23T09:42:01 [WARN] Failed to load reference "tdd-rationalizations" from D:\project\pipowers\skills\test-driven-development\reference\rationalizations.md: ENOENT: no such file or directory, open 'D:\project\pipowers\skills\test-driven-development\reference\rationalizations.md'
2026-06-23T09:42:01 [WARN] Failed to load reference "tdd-anti-patterns" from D:\project\pipowers\skills\test-driven-development\testing-anti-patterns.md: ENOENT: no such file or directory, open 'D:\project\pipowers\skills\test-driven-development\testing-anti-patterns.md'
2026-06-23T09:42:01 [WARN] Failed to load reference "tdd-examples" from D:\project\pipowers\skills\test-driven-development\reference\examples.md: ENOENT: no such file or directory, open 'D:\project\pipowers\skills\test-driven-development\reference\examples.md'
2026-06-23T09:42:01 [WARN] Failed to load reference "tdd-when-stuck" from D:\project\pipowers\skills\test-driven-development\reference\when-stuck.md: ENOENT: no such file or directory, open 'D:\project\pipowers\skills\test-driven-development\reference\when-stuck.md'
2026-06-23T09:42:01 [WARN] Failed to load reference "debug-rationalizations" from D:\project\pipowers\skills\systematic-debugging\reference\rationalizations.md: ENOENT: no such file or directory, open 'D:\project\pipowers\skills\systematic-debugging\reference\rationalizations.md'
2026-06-23T09:42:01 [WARN] Failed to load reference "debug-tracing" from D:\project\pipowers\skills\systematic-debugging\root-cause-tracing.md: ENOENT: no such file or directory, open 'D:\project\pipowers\skills\systematic-debugging\root-cause-tracing.md'
2026-06-23T09:42:01 [WARN] Failed to load reference "debug-defense-in-depth" from D:\project\pipowers\skills\systematic-debugging\defense-in-depth.md: ENOENT: no such file or directory, open 'D:\project\pipowers\skills\systematic-debugging\defense-in-depth.md'
2026-06-23T09:42:01 [WARN] Failed to load reference "debug-condition-waiting" from D:\project\pipowers\skills\systematic-debugging\condition-based-waiting.md: ENOENT: no such file or directory, open 'D:\project\pipowers\skills\systematic-debugging\condition-based-waiting.md'
2026-06-23T09:42:05 [WARN] Failed to determine git ref in C:\Users\user\AppData\Local\Temp\wfm-test-X0Valx: Command failed: git branch --show-current
2026-06-23T09:42:05 [WARN] Failed to determine git ref in C:\Users\user\AppData\Local\Temp\wfm-test-yEgd7C: Command failed: git branch --show-current
2026-06-23T09:42:05 [WARN] Failed to determine git ref in C:\Users\user\AppData\Local\Temp\wfm-test-DVfSVX: Command failed: git branch --show-current
2026-06-23T09:42:05 [WARN] Failed to determine git ref in C:\Users\user\AppData\Local\Temp\wfm-test-c03q62: Command failed: git branch --show-current
2026-06-23T09:42:05 [WARN] Failed to determine git ref in C:\Users\user\AppData\Local\Temp\wfm-test-L6LhWI: Command failed: git branch --show-current
2026-06-23T09:42:05 [WARN] Failed to determine git ref in C:\Users\user\AppData\Local\Temp\wfm-test-9ywiv6: Command failed: git branch --show-current
2026-06-23T09:42:05 [WARN] Failed to determine git ref in C:\Users\user\AppData\Local\Temp\wfm-test-Msaxai: Command failed: git branch --show-current
2026-06-23T09:42:08 [WARN] Failed to read C:\Users\user\AppData\Local\Temp\wfm-test-CNLNVg\.pi\pipowers-state.json: Unexpected token 'o', "not valid json{{{" is not valid JSON
2026-06-23T09:42:08 [WARN] Failed to determine git ref in C:\Users\user\AppData\Local\Temp\wfm-test-eUXhlQ: Command failed: git branch --show-current
2026-06-23T09:42:10 [WARN] Failed to determine git ref in C:\Users\user\AppData\Local\Temp\wfm-test-kTpzB7: Command failed: git branch --show-current
2026-06-23T09:42:11 [ERROR] Failed to parse C:\Users\user\AppData\Local\Temp\pipowers-home-TQdjoR\.pi\agent\pipowers.toml: Invalid TOML document: only letter, numbers, dashes and underscores are allowed in keys

1:  this is = not valid toml [[[
    ^
. Using defaults.
2026-06-23T09:42:11 [WARN] Failed to determine git ref in C:\Users\user\AppData\Local\Temp\wfm-test-S2QxSU: Command failed: git branch --show-current
2026-06-23T09:42:11 [WARN] Detected legacy `pi-superpowers-plus` config key in C:\Users\user\AppData\Local\Temp\pipowers-home-BQKh5N\.pi\agent\config.json. pipowers uses its own TOML config files. Run /pipwr_config to set up the new config.
2026-06-23T09:42:14 [WARN] Failed to determine git ref in D:\project\pipowers: not a repo
2026-06-23T09:42:17 [WARN] Failed to determine git ref in D:\project\pipowers: not a git repo
2026-06-23T09:48:25 [WARN] Failed to load reference "tdd-rationalizations" from D:\project\pipowers\skills\test-driven-development\reference\rationalizations.md: ENOENT: no such file or directory, open 'D:\project\pipowers\skills\test-driven-development\reference\rationalizations.md'
2026-06-23T09:48:25 [WARN] Failed to load reference "tdd-anti-patterns" from D:\project\pipowers\skills\test-driven-development\testing-anti-patterns.md: ENOENT: no such file or directory, open 'D:\project\pipowers\skills\test-driven-development\testing-anti-patterns.md'
2026-06-23T09:48:25 [WARN] Failed to load reference "tdd-examples" from D:\project\pipowers\skills\test-driven-development\reference\examples.md: ENOENT: no such file or directory, open 'D:\project\pipowers\skills\test-driven-development\reference\examples.md'
2026-06-23T09:48:25 [WARN] Failed to load reference "tdd-when-stuck" from D:\project\pipowers\skills\test-driven-development\reference\when-stuck.md: ENOENT: no such file or directory, open 'D:\project\pipowers\skills\test-driven-development\reference\when-stuck.md'
2026-06-23T09:48:25 [WARN] Failed to load reference "debug-rationalizations" from D:\project\pipowers\skills\systematic-debugging\reference\rationalizations.md: ENOENT: no such file or directory, open 'D:\project\pipowers\skills\systematic-debugging\reference\rationalizations.md'
2026-06-23T09:48:25 [WARN] Failed to load reference "debug-tracing" from D:\project\pipowers\skills\systematic-debugging\root-cause-tracing.md: ENOENT: no such file or directory, open 'D:\project\pipowers\skills\systematic-debugging\root-cause-tracing.md'
2026-06-23T09:48:25 [WARN] Failed to load reference "debug-defense-in-depth" from D:\project\pipowers\skills\systematic-debugging\defense-in-depth.md: ENOENT: no such file or directory, open 'D:\project\pipowers\skills\systematic-debugging\defense-in-depth.md'
2026-06-23T09:48:25 [WARN] Failed to load reference "debug-condition-waiting" from D:\project\pipowers\skills\systematic-debugging\condition-based-waiting.md: ENOENT: no such file or directory, open 'D:\project\pipowers\skills\systematic-debugging\condition-based-waiting.md'
2026-06-23T09:48:30 [WARN] Failed to determine git ref in C:\Users\user\AppData\Local\Temp\wfm-test-wVi4io: Command failed: git branch --show-current
2026-06-23T09:48:30 [WARN] Failed to determine git ref in C:\Users\user\AppData\Local\Temp\wfm-test-i7WKJC: Command failed: git branch --show-current
2026-06-23T09:48:30 [WARN] Failed to determine git ref in C:\Users\user\AppData\Local\Temp\wfm-test-56P4pW: Command failed: git branch --show-current
2026-06-23T09:48:30 [WARN] Failed to determine git ref in C:\Users\user\AppData\Local\Temp\wfm-test-yVBWiH: Command failed: git branch --show-current
2026-06-23T09:48:30 [WARN] Failed to determine git ref in C:\Users\user\AppData\Local\Temp\wfm-test-XRPQZB: Command failed: git branch --show-current
2026-06-23T09:48:31 [WARN] Failed to determine git ref in C:\Users\user\AppData\Local\Temp\wfm-test-1jqezm: Command failed: git branch --show-current
2026-06-23T09:48:31 [WARN] Failed to determine git ref in C:\Users\user\AppData\Local\Temp\wfm-test-plifb3: Command failed: git branch --show-current
2026-06-23T09:48:32 [WARN] Failed to read C:\Users\user\AppData\Local\Temp\wfm-test-paN8G9\.pi\pipowers-state.json: Unexpected token 'o', "not valid json{{{" is not valid JSON
2026-06-23T09:48:32 [WARN] Failed to determine git ref in C:\Users\user\AppData\Local\Temp\wfm-test-XUOnZb: Command failed: git branch --show-current
2026-06-23T09:48:33 [ERROR] Failed to parse C:\Users\user\AppData\Local\Temp\pipowers-home-TtlAGJ\.pi\agent\pipowers.toml: Invalid TOML document: only letter, numbers, dashes and underscores are allowed in keys

1:  this is = not valid toml [[[
    ^
. Using defaults.
2026-06-23T09:48:33 [WARN] Detected legacy `pi-superpowers-plus` config key in C:\Users\user\AppData\Local\Temp\pipowers-home-Ek6AFa\.pi\agent\config.json. pipowers uses its own TOML config files. Run /pipwr_config to set up the new config.
2026-06-23T09:48:34 [WARN] Failed to determine git ref in C:\Users\user\AppData\Local\Temp\wfm-test-SgfqIG: Command failed: git branch --show-current
2026-06-23T09:48:35 [WARN] Failed to determine git ref in C:\Users\user\AppData\Local\Temp\wfm-test-MvPGgh: Command failed: git branch --show-current
2026-06-23T09:48:37 [WARN] Failed to determine git ref in D:\project\pipowers: not a repo
2026-06-23T09:48:41 [WARN] Failed to determine git ref in D:\project\pipowers: not a git repo
2026-06-23T09:53:04 [ERROR] Failed to parse C:\Users\user\AppData\Local\Temp\pipowers-home-z1czIp\.pi\agent\pipowers.toml: Invalid TOML document: only letter, numbers, dashes and underscores are allowed in keys

1:  this is = not valid toml [[[
    ^
. Using defaults.
2026-06-23T09:53:04 [WARN] Detected legacy `pi-superpowers-plus` config key in C:\Users\user\AppData\Local\Temp\pipowers-home-MPIldf\.pi\agent\config.json. pipowers uses its own TOML config files. Run /pipwr_config to set up the new config.
2026-06-23T09:53:10 [WARN] Failed to load reference "tdd-rationalizations" from D:\project\pipowers\skills\test-driven-development\reference\rationalizations.md: ENOENT: no such file or directory, open 'D:\project\pipowers\skills\test-driven-development\reference\rationalizations.md'
2026-06-23T09:53:10 [WARN] Failed to load reference "tdd-anti-patterns" from D:\project\pipowers\skills\test-driven-development\testing-anti-patterns.md: ENOENT: no such file or directory, open 'D:\project\pipowers\skills\test-driven-development\testing-anti-patterns.md'
2026-06-23T09:53:10 [WARN] Failed to load reference "tdd-examples" from D:\project\pipowers\skills\test-driven-development\reference\examples.md: ENOENT: no such file or directory, open 'D:\project\pipowers\skills\test-driven-development\reference\examples.md'
2026-06-23T09:53:10 [WARN] Failed to load reference "tdd-when-stuck" from D:\project\pipowers\skills\test-driven-development\reference\when-stuck.md: ENOENT: no such file or directory, open 'D:\project\pipowers\skills\test-driven-development\reference\when-stuck.md'
2026-06-23T09:53:10 [WARN] Failed to load reference "debug-rationalizations" from D:\project\pipowers\skills\systematic-debugging\reference\rationalizations.md: ENOENT: no such file or directory, open 'D:\project\pipowers\skills\systematic-debugging\reference\rationalizations.md'
2026-06-23T09:53:10 [WARN] Failed to load reference "debug-tracing" from D:\project\pipowers\skills\systematic-debugging\root-cause-tracing.md: ENOENT: no such file or directory, open 'D:\project\pipowers\skills\systematic-debugging\root-cause-tracing.md'
2026-06-23T09:53:10 [WARN] Failed to load reference "debug-defense-in-depth" from D:\project\pipowers\skills\systematic-debugging\defense-in-depth.md: ENOENT: no such file or directory, open 'D:\project\pipowers\skills\systematic-debugging\defense-in-depth.md'
2026-06-23T09:53:10 [WARN] Failed to load reference "debug-condition-waiting" from D:\project\pipowers\skills\systematic-debugging\condition-based-waiting.md: ENOENT: no such file or directory, open 'D:\project\pipowers\skills\systematic-debugging\condition-based-waiting.md'
2026-06-23T09:53:14 [WARN] Failed to determine git ref in C:\Users\user\AppData\Local\Temp\wfm-test-rgATuL: Command failed: git branch --show-current
2026-06-23T09:53:14 [WARN] Failed to determine git ref in C:\Users\user\AppData\Local\Temp\wfm-test-SMfCPk: Command failed: git branch --show-current
2026-06-23T09:53:15 [WARN] Failed to determine git ref in C:\Users\user\AppData\Local\Temp\wfm-test-0SJKrD: Command failed: git branch --show-current
2026-06-23T09:53:15 [WARN] Failed to determine git ref in C:\Users\user\AppData\Local\Temp\wfm-test-O6c4Z7: Command failed: git branch --show-current
2026-06-23T09:53:15 [WARN] Failed to determine git ref in C:\Users\user\AppData\Local\Temp\wfm-test-BOk3cM: Command failed: git branch --show-current
2026-06-23T09:53:15 [WARN] Failed to determine git ref in C:\Users\user\AppData\Local\Temp\wfm-test-y54ODy: Command failed: git branch --show-current
2026-06-23T09:53:16 [WARN] Failed to determine git ref in C:\Users\user\AppData\Local\Temp\wfm-test-wu5vnT: Command failed: git branch --show-current
2026-06-23T09:53:18 [WARN] Failed to read C:\Users\user\AppData\Local\Temp\wfm-test-QZiOAP\.pi\pipowers-state.json: Unexpected token 'o', "not valid json{{{" is not valid JSON
2026-06-23T09:53:18 [WARN] Failed to determine git ref in C:\Users\user\AppData\Local\Temp\wfm-test-H8AdXA: Command failed: git branch --show-current
2026-06-23T09:53:18 [ERROR] Failed to parse C:\Users\user\AppData\Local\Temp\pipowers-home-Nk8xXh\.pi\agent\pipowers.toml: Invalid TOML document: only letter, numbers, dashes and underscores are allowed in keys

1:  this is = not valid toml [[[
    ^
. Using defaults.
2026-06-23T09:53:18 [WARN] Detected legacy `pi-superpowers-plus` config key in C:\Users\user\AppData\Local\Temp\pipowers-home-IoTgWX\.pi\agent\config.json. pipowers uses its own TOML config files. Run /pipwr_config to set up the new config.
2026-06-23T09:53:20 [WARN] Failed to determine git ref in C:\Users\user\AppData\Local\Temp\wfm-test-6H7M5Y: Command failed: git branch --show-current
2026-06-23T09:53:20 [WARN] Failed to determine git ref in C:\Users\user\AppData\Local\Temp\wfm-test-rohrCr: Command failed: git branch --show-current
2026-06-23T09:53:22 [WARN] Failed to determine git ref in D:\project\pipowers: not a repo
2026-06-23T09:53:25 [WARN] Failed to determine git ref in D:\project\pipowers: not a git repo
2026-06-23T09:53:33 [WARN] Failed to load reference "tdd-rationalizations" from D:\project\pipowers\skills\test-driven-development\reference\rationalizations.md: ENOENT: no such file or directory, open 'D:\project\pipowers\skills\test-driven-development\reference\rationalizations.md'
2026-06-23T09:53:33 [WARN] Failed to load reference "tdd-anti-patterns" from D:\project\pipowers\skills\test-driven-development\testing-anti-patterns.md: ENOENT: no such file or directory, open 'D:\project\pipowers\skills\test-driven-development\testing-anti-patterns.md'
2026-06-23T09:53:33 [WARN] Failed to load reference "tdd-examples" from D:\project\pipowers\skills\test-driven-development\reference\examples.md: ENOENT: no such file or directory, open 'D:\project\pipowers\skills\test-driven-development\reference\examples.md'
2026-06-23T09:53:33 [WARN] Failed to load reference "tdd-when-stuck" from D:\project\pipowers\skills\test-driven-development\reference\when-stuck.md: ENOENT: no such file or directory, open 'D:\project\pipowers\skills\test-driven-development\reference\when-stuck.md'
2026-06-23T09:53:33 [WARN] Failed to load reference "debug-rationalizations" from D:\project\pipowers\skills\systematic-debugging\reference\rationalizations.md: ENOENT: no such file or directory, open 'D:\project\pipowers\skills\systematic-debugging\reference\rationalizations.md'
2026-06-23T09:53:33 [WARN] Failed to load reference "debug-tracing" from D:\project\pipowers\skills\systematic-debugging\root-cause-tracing.md: ENOENT: no such file or directory, open 'D:\project\pipowers\skills\systematic-debugging\root-cause-tracing.md'
2026-06-23T09:53:33 [WARN] Failed to load reference "debug-defense-in-depth" from D:\project\pipowers\skills\systematic-debugging\defense-in-depth.md: ENOENT: no such file or directory, open 'D:\project\pipowers\skills\systematic-debugging\defense-in-depth.md'
2026-06-23T09:53:33 [WARN] Failed to load reference "debug-condition-waiting" from D:\project\pipowers\skills\systematic-debugging\condition-based-waiting.md: ENOENT: no such file or directory, open 'D:\project\pipowers\skills\systematic-debugging\condition-based-waiting.md'
2026-06-23T09:53:38 [WARN] Failed to determine git ref in C:\Users\user\AppData\Local\Temp\wfm-test-nHLeuf: Command failed: git branch --show-current
2026-06-23T09:53:38 [WARN] Failed to determine git ref in C:\Users\user\AppData\Local\Temp\wfm-test-n6s8Xt: Command failed: git branch --show-current
2026-06-23T09:53:38 [WARN] Failed to determine git ref in C:\Users\user\AppData\Local\Temp\wfm-test-B3IMlz: Command failed: git branch --show-current
2026-06-23T09:53:38 [WARN] Failed to determine git ref in C:\Users\user\AppData\Local\Temp\wfm-test-gHaR9j: Command failed: git branch --show-current
2026-06-23T09:53:38 [WARN] Failed to determine git ref in C:\Users\user\AppData\Local\Temp\wfm-test-tBitGd: Command failed: git branch --show-current
2026-06-23T09:53:39 [WARN] Failed to determine git ref in C:\Users\user\AppData\Local\Temp\wfm-test-4YudQs: Command failed: git branch --show-current
2026-06-23T09:53:39 [WARN] Failed to determine git ref in C:\Users\user\AppData\Local\Temp\wfm-test-YZffjN: Command failed: git branch --show-current
2026-06-23T09:53:41 [WARN] Failed to determine git ref in C:\Users\user\AppData\Local\Temp\wfm-test-sNi40S: Command failed: git branch --show-current
2026-06-23T09:53:41 [ERROR] Failed to parse C:\Users\user\AppData\Local\Temp\pipowers-home-Kmzap1\.pi\agent\pipowers.toml: Invalid TOML document: only letter, numbers, dashes and underscores are allowed in keys

1:  this is = not valid toml [[[
    ^
. Using defaults.
2026-06-23T09:53:41 [WARN] Detected legacy `pi-superpowers-plus` config key in C:\Users\user\AppData\Local\Temp\pipowers-home-7uZZyb\.pi\agent\config.json. pipowers uses its own TOML config files. Run /pipwr_config to set up the new config.
2026-06-23T09:53:42 [WARN] Failed to read C:\Users\user\AppData\Local\Temp\wfm-test-dMxvse\.pi\pipowers-state.json: Unexpected token 'o', "not valid json{{{" is not valid JSON
2026-06-23T09:53:42 [WARN] Failed to determine git ref in C:\Users\user\AppData\Local\Temp\wfm-test-64HToF: Command failed: git branch --show-current
2026-06-23T09:53:44 [WARN] Failed to determine git ref in C:\Users\user\AppData\Local\Temp\wfm-test-HFmrKr: Command failed: git branch --show-current
2026-06-23T09:53:46 [WARN] Failed to determine git ref in D:\project\pipowers: not a repo
2026-06-23T09:53:49 [WARN] Failed to determine git ref in D:\project\pipowers: not a git repo
2026-06-23T09:57:26 [ERROR] Failed to parse C:\Users\user\AppData\Local\Temp\pipowers-home-GTFao2\.pi\agent\pipowers.toml: Invalid TOML document: only letter, numbers, dashes and underscores are allowed in keys

1:  this is = not valid toml [[[
    ^
. Using defaults.
2026-06-23T09:57:26 [WARN] Detected legacy `pi-superpowers-plus` config key in C:\Users\user\AppData\Local\Temp\pipowers-home-O4mkIW\.pi\agent\config.json. pipowers uses its own TOML config files. Run /pipwr_config to set up the new config.
2026-06-23T09:57:28 [WARN] Failed to read C:\Users\user\AppData\Local\Temp\wfm-test-9La4ce\.pi\pipowers-state.json: Unexpected token 'o', "not valid json{{{" is not valid JSON
2026-06-23T09:57:28 [WARN] Failed to determine git ref in C:\Users\user\AppData\Local\Temp\wfm-test-ms7p0d: Command failed: git branch --show-current
2026-06-23T10:07:39 [WARN] Failed to determine git ref in C:\Users\user\AppData\Local\Temp\wfm-test-MI10Lz: Command failed: git branch --show-current
2026-06-23T10:07:39 [WARN] Failed to determine git ref in C:\Users\user\AppData\Local\Temp\wfm-test-7hx71a: Command failed: git branch --show-current
2026-06-23T10:07:39 [WARN] Failed to determine git ref in C:\Users\user\AppData\Local\Temp\wfm-test-L73lDd: Command failed: git branch --show-current
2026-06-23T10:07:39 [WARN] Failed to determine git ref in C:\Users\user\AppData\Local\Temp\wfm-test-A54WLF: Command failed: git branch --show-current
2026-06-23T10:07:39 [WARN] Failed to determine git ref in C:\Users\user\AppData\Local\Temp\wfm-test-yoXTOp: Command failed: git branch --show-current
2026-06-23T10:07:39 [WARN] Failed to determine git ref in C:\Users\user\AppData\Local\Temp\wfm-test-gXkq6T: Command failed: git branch --show-current
2026-06-23T10:07:39 [WARN] Failed to determine git ref in C:\Users\user\AppData\Local\Temp\wfm-test-R1WfDA: Command failed: git branch --show-current
2026-06-23T10:07:42 [WARN] Failed to determine git ref in C:\Users\user\AppData\Local\Temp\wfm-test-RrJz0l: Command failed: git branch --show-current
2026-06-23T10:07:42 [WARN] Failed to determine git ref in C:\Users\user\AppData\Local\Temp\wfm-test-HOkogQ: Command failed: git branch --show-current
2026-06-23T10:07:46 [WARN] Failed to read C:\Users\user\AppData\Local\Temp\wfm-test-SqabXf\.pi\pipowers-state.json: Unexpected token 'o', "not valid json{{{" is not valid JSON
2026-06-23T10:07:46 [WARN] Failed to determine git ref in C:\Users\user\AppData\Local\Temp\wfm-test-dqx0n2: Command failed: git branch --show-current
2026-06-23T10:07:49 [WARN] Failed to determine git ref in D:\project\pipowers: not a repo
2026-06-23T10:07:52 [WARN] Failed to determine git ref in D:\project\pipowers: not a git repo
2026-06-23T10:08:04 [WARN] Failed to load reference "tdd-rationalizations" from D:\project\pipowers\skills\test-driven-development\reference\rationalizations.md: ENOENT: no such file or directory, open 'D:\project\pipowers\skills\test-driven-development\reference\rationalizations.md'
2026-06-23T10:08:04 [WARN] Failed to load reference "tdd-anti-patterns" from D:\project\pipowers\skills\test-driven-development\testing-anti-patterns.md: ENOENT: no such file or directory, open 'D:\project\pipowers\skills\test-driven-development\testing-anti-patterns.md'
2026-06-23T10:08:04 [WARN] Failed to load reference "tdd-examples" from D:\project\pipowers\skills\test-driven-development\reference\examples.md: ENOENT: no such file or directory, open 'D:\project\pipowers\skills\test-driven-development\reference\examples.md'
2026-06-23T10:08:04 [WARN] Failed to load reference "tdd-when-stuck" from D:\project\pipowers\skills\test-driven-development\reference\when-stuck.md: ENOENT: no such file or directory, open 'D:\project\pipowers\skills\test-driven-development\reference\when-stuck.md'
2026-06-23T10:08:04 [WARN] Failed to load reference "debug-rationalizations" from D:\project\pipowers\skills\systematic-debugging\reference\rationalizations.md: ENOENT: no such file or directory, open 'D:\project\pipowers\skills\systematic-debugging\reference\rationalizations.md'
2026-06-23T10:08:04 [WARN] Failed to load reference "debug-tracing" from D:\project\pipowers\skills\systematic-debugging\root-cause-tracing.md: ENOENT: no such file or directory, open 'D:\project\pipowers\skills\systematic-debugging\root-cause-tracing.md'
2026-06-23T10:08:04 [WARN] Failed to load reference "debug-defense-in-depth" from D:\project\pipowers\skills\systematic-debugging\defense-in-depth.md: ENOENT: no such file or directory, open 'D:\project\pipowers\skills\systematic-debugging\defense-in-depth.md'
2026-06-23T10:08:04 [WARN] Failed to load reference "debug-condition-waiting" from D:\project\pipowers\skills\systematic-debugging\condition-based-waiting.md: ENOENT: no such file or directory, open 'D:\project\pipowers\skills\systematic-debugging\condition-based-waiting.md'
2026-06-23T10:08:11 [WARN] Failed to determine git ref in C:\Users\user\AppData\Local\Temp\wfm-test-cExVvy: Command failed: git branch --show-current
2026-06-23T10:08:11 [WARN] Failed to determine git ref in C:\Users\user\AppData\Local\Temp\wfm-test-LmQXnY: Command failed: git branch --show-current
2026-06-23T10:08:11 [WARN] Failed to determine git ref in C:\Users\user\AppData\Local\Temp\wfm-test-jLZHEE: Command failed: git branch --show-current
2026-06-23T10:08:11 [WARN] Failed to determine git ref in C:\Users\user\AppData\Local\Temp\wfm-test-Cnv3v8: Command failed: git branch --show-current
2026-06-23T10:08:12 [WARN] Failed to determine git ref in C:\Users\user\AppData\Local\Temp\wfm-test-FAIqwz: Command failed: git branch --show-current
2026-06-23T10:08:14 [WARN] Failed to determine git ref in C:\Users\user\AppData\Local\Temp\wfm-test-AP7SQ7: Command failed: git branch --show-current
2026-06-23T10:08:14 [WARN] Failed to read C:\Users\user\AppData\Local\Temp\wfm-test-rqEw22\.pi\pipowers-state.json: Unexpected token 'o', "not valid json{{{" is not valid JSON
2026-06-23T10:08:14 [WARN] Failed to determine git ref in C:\Users\user\AppData\Local\Temp\wfm-test-1Qt08x: Command failed: git branch --show-current
2026-06-23T10:08:15 [WARN] Failed to determine git ref in C:\Users\user\AppData\Local\Temp\wfm-test-qyuecr: Command failed: git branch --show-current
2026-06-23T10:08:16 [WARN] Failed to determine git ref in C:\Users\user\AppData\Local\Temp\wfm-test-oDGVUz: Command failed: git branch --show-current
2026-06-23T10:08:16 [ERROR] Failed to parse C:\Users\user\AppData\Local\Temp\pipowers-home-U8osvN\.pi\agent\pipowers.toml: Invalid TOML document: only letter, numbers, dashes and underscores are allowed in keys

1:  this is = not valid toml [[[
    ^
. Using defaults.
2026-06-23T10:08:16 [WARN] Detected legacy `pi-superpowers-plus` config key in C:\Users\user\AppData\Local\Temp\pipowers-home-BQXY60\.pi\agent\config.json. pipowers uses its own TOML config files. Run /pipwr_config to set up the new config.
2026-06-23T10:08:18 [WARN] Failed to determine git ref in C:\Users\user\AppData\Local\Temp\wfm-test-LOLN0e: Command failed: git branch --show-current
2026-06-23T10:08:22 [WARN] Failed to determine git ref in D:\project\pipowers: not a repo
2026-06-23T10:08:25 [WARN] Failed to determine git ref in D:\project\pipowers: not a git repo
2026-06-23T10:08:38 [WARN] Failed to load reference "tdd-rationalizations" from D:\project\pipowers\skills\test-driven-development\reference\rationalizations.md: ENOENT: no such file or directory, open 'D:\project\pipowers\skills\test-driven-development\reference\rationalizations.md'
2026-06-23T10:08:38 [WARN] Failed to load reference "tdd-anti-patterns" from D:\project\pipowers\skills\test-driven-development\testing-anti-patterns.md: ENOENT: no such file or directory, open 'D:\project\pipowers\skills\test-driven-development\testing-anti-patterns.md'
2026-06-23T10:08:38 [WARN] Failed to load reference "tdd-examples" from D:\project\pipowers\skills\test-driven-development\reference\examples.md: ENOENT: no such file or directory, open 'D:\project\pipowers\skills\test-driven-development\reference\examples.md'
2026-06-23T10:08:38 [WARN] Failed to load reference "tdd-when-stuck" from D:\project\pipowers\skills\test-driven-development\reference\when-stuck.md: ENOENT: no such file or directory, open 'D:\project\pipowers\skills\test-driven-development\reference\when-stuck.md'
2026-06-23T10:08:38 [WARN] Failed to load reference "debug-rationalizations" from D:\project\pipowers\skills\systematic-debugging\reference\rationalizations.md: ENOENT: no such file or directory, open 'D:\project\pipowers\skills\systematic-debugging\reference\rationalizations.md'
2026-06-23T10:08:38 [WARN] Failed to load reference "debug-tracing" from D:\project\pipowers\skills\systematic-debugging\root-cause-tracing.md: ENOENT: no such file or directory, open 'D:\project\pipowers\skills\systematic-debugging\root-cause-tracing.md'
2026-06-23T10:08:38 [WARN] Failed to load reference "debug-defense-in-depth" from D:\project\pipowers\skills\systematic-debugging\defense-in-depth.md: ENOENT: no such file or directory, open 'D:\project\pipowers\skills\systematic-debugging\defense-in-depth.md'
2026-06-23T10:08:38 [WARN] Failed to load reference "debug-condition-waiting" from D:\project\pipowers\skills\systematic-debugging\condition-based-waiting.md: ENOENT: no such file or directory, open 'D:\project\pipowers\skills\systematic-debugging\condition-based-waiting.md'
2026-06-23T10:08:43 [WARN] Failed to determine git ref in C:\Users\user\AppData\Local\Temp\wfm-test-136Eoq: Command failed: git branch --show-current
2026-06-23T10:08:43 [WARN] Failed to determine git ref in C:\Users\user\AppData\Local\Temp\wfm-test-o4YJhh: Command failed: git branch --show-current
2026-06-23T10:08:43 [WARN] Failed to determine git ref in C:\Users\user\AppData\Local\Temp\wfm-test-vbt5lN: Command failed: git branch --show-current
2026-06-23T10:08:43 [WARN] Failed to determine git ref in C:\Users\user\AppData\Local\Temp\wfm-test-hRhlGl: Command failed: git branch --show-current
2026-06-23T10:08:43 [WARN] Failed to determine git ref in C:\Users\user\AppData\Local\Temp\wfm-test-rz02kQ: Command failed: git branch --show-current
2026-06-23T10:08:43 [WARN] Failed to determine git ref in C:\Users\user\AppData\Local\Temp\wfm-test-hkNHRA: Command failed: git branch --show-current
2026-06-23T10:08:43 [WARN] Failed to determine git ref in C:\Users\user\AppData\Local\Temp\wfm-test-6d8CZA: Command failed: git branch --show-current
2026-06-23T10:08:46 [WARN] Failed to determine git ref in C:\Users\user\AppData\Local\Temp\wfm-test-HdefTD: Command failed: git branch --show-current
2026-06-23T10:08:47 [WARN] Failed to determine git ref in C:\Users\user\AppData\Local\Temp\wfm-test-4BOFeE: Command failed: git branch --show-current
2026-06-23T10:08:48 [ERROR] Failed to parse C:\Users\user\AppData\Local\Temp\pipowers-home-AGNUUs\.pi\agent\pipowers.toml: Invalid TOML document: only letter, numbers, dashes and underscores are allowed in keys

1:  this is = not valid toml [[[
    ^
. Using defaults.
2026-06-23T10:08:48 [WARN] Detected legacy `pi-superpowers-plus` config key in C:\Users\user\AppData\Local\Temp\pipowers-home-0igFKF\.pi\agent\config.json. pipowers uses its own TOML config files. Run /pipwr_config to set up the new config.
2026-06-23T10:08:49 [WARN] Failed to read C:\Users\user\AppData\Local\Temp\wfm-test-qUdp0x\.pi\pipowers-state.json: Unexpected token 'o', "not valid json{{{" is not valid JSON
2026-06-23T10:08:49 [WARN] Failed to determine git ref in C:\Users\user\AppData\Local\Temp\wfm-test-LEtrDo: Command failed: git branch --show-current
2026-06-23T10:08:52 [WARN] Failed to determine git ref in D:\project\pipowers: not a repo
2026-06-23T10:08:56 [WARN] Failed to determine git ref in D:\project\pipowers: not a git repo
2026-06-23T10:09:04 [WARN] Failed to load reference "tdd-rationalizations" from D:\project\pipowers\skills\test-driven-development\reference\rationalizations.md: ENOENT: no such file or directory, open 'D:\project\pipowers\skills\test-driven-development\reference\rationalizations.md'
2026-06-23T10:09:04 [WARN] Failed to load reference "tdd-anti-patterns" from D:\project\pipowers\skills\test-driven-development\testing-anti-patterns.md: ENOENT: no such file or directory, open 'D:\project\pipowers\skills\test-driven-development\testing-anti-patterns.md'
2026-06-23T10:09:04 [WARN] Failed to load reference "tdd-examples" from D:\project\pipowers\skills\test-driven-development\reference\examples.md: ENOENT: no such file or directory, open 'D:\project\pipowers\skills\test-driven-development\reference\examples.md'
2026-06-23T10:09:04 [WARN] Failed to load reference "tdd-when-stuck" from D:\project\pipowers\skills\test-driven-development\reference\when-stuck.md: ENOENT: no such file or directory, open 'D:\project\pipowers\skills\test-driven-development\reference\when-stuck.md'
2026-06-23T10:09:04 [WARN] Failed to load reference "debug-rationalizations" from D:\project\pipowers\skills\systematic-debugging\reference\rationalizations.md: ENOENT: no such file or directory, open 'D:\project\pipowers\skills\systematic-debugging\reference\rationalizations.md'
2026-06-23T10:09:04 [WARN] Failed to load reference "debug-tracing" from D:\project\pipowers\skills\systematic-debugging\root-cause-tracing.md: ENOENT: no such file or directory, open 'D:\project\pipowers\skills\systematic-debugging\root-cause-tracing.md'
2026-06-23T10:09:04 [WARN] Failed to load reference "debug-defense-in-depth" from D:\project\pipowers\skills\systematic-debugging\defense-in-depth.md: ENOENT: no such file or directory, open 'D:\project\pipowers\skills\systematic-debugging\defense-in-depth.md'
2026-06-23T10:09:04 [WARN] Failed to load reference "debug-condition-waiting" from D:\project\pipowers\skills\systematic-debugging\condition-based-waiting.md: ENOENT: no such file or directory, open 'D:\project\pipowers\skills\systematic-debugging\condition-based-waiting.md'
2026-06-23T10:09:09 [WARN] Failed to determine git ref in C:\Users\user\AppData\Local\Temp\wfm-test-csv5Vw: Command failed: git branch --show-current
2026-06-23T10:09:09 [WARN] Failed to determine git ref in C:\Users\user\AppData\Local\Temp\wfm-test-LlRDBb: Command failed: git branch --show-current
2026-06-23T10:09:09 [WARN] Failed to determine git ref in C:\Users\user\AppData\Local\Temp\wfm-test-HyMjAX: Command failed: git branch --show-current
2026-06-23T10:09:09 [WARN] Failed to determine git ref in C:\Users\user\AppData\Local\Temp\wfm-test-rdhXKc: Command failed: git branch --show-current
2026-06-23T10:09:09 [WARN] Failed to determine git ref in C:\Users\user\AppData\Local\Temp\wfm-test-62lIvI: Command failed: git branch --show-current
2026-06-23T10:09:09 [WARN] Failed to determine git ref in C:\Users\user\AppData\Local\Temp\wfm-test-iDsbsa: Command failed: git branch --show-current
2026-06-23T10:09:09 [WARN] Failed to determine git ref in C:\Users\user\AppData\Local\Temp\wfm-test-7AxQjM: Command failed: git branch --show-current
2026-06-23T10:09:11 [ERROR] Failed to parse C:\Users\user\AppData\Local\Temp\pipowers-home-UXebGv\.pi\agent\pipowers.toml: Invalid TOML document: only letter, numbers, dashes and underscores are allowed in keys

1:  this is = not valid toml [[[
    ^
. Using defaults.
2026-06-23T10:09:11 [WARN] Detected legacy `pi-superpowers-plus` config key in C:\Users\user\AppData\Local\Temp\pipowers-home-AnVjep\.pi\agent\config.json. pipowers uses its own TOML config files. Run /pipwr_config to set up the new config.
2026-06-23T10:09:12 [WARN] Failed to read C:\Users\user\AppData\Local\Temp\wfm-test-GE65CM\.pi\pipowers-state.json: Unexpected token 'o', "not valid json{{{" is not valid JSON
2026-06-23T10:09:12 [WARN] Failed to determine git ref in C:\Users\user\AppData\Local\Temp\wfm-test-FlaXNx: Command failed: git branch --show-current
2026-06-23T10:09:14 [WARN] Failed to determine git ref in C:\Users\user\AppData\Local\Temp\wfm-test-Q9HwmR: Command failed: git branch --show-current
2026-06-23T10:09:15 [WARN] Failed to determine git ref in C:\Users\user\AppData\Local\Temp\wfm-test-ONfpmz: Command failed: git branch --show-current
2026-06-23T10:09:18 [WARN] Failed to determine git ref in D:\project\pipowers: not a repo
2026-06-23T10:09:22 [WARN] Failed to determine git ref in D:\project\pipowers: not a git repo
2026-06-23T10:09:38 [WARN] Failed to load reference "tdd-rationalizations" from D:\project\pipowers\skills\test-driven-development\reference\rationalizations.md: ENOENT: no such file or directory, open 'D:\project\pipowers\skills\test-driven-development\reference\rationalizations.md'
2026-06-23T10:09:38 [WARN] Failed to load reference "tdd-anti-patterns" from D:\project\pipowers\skills\test-driven-development\testing-anti-patterns.md: ENOENT: no such file or directory, open 'D:\project\pipowers\skills\test-driven-development\testing-anti-patterns.md'
2026-06-23T10:09:38 [WARN] Failed to load reference "tdd-examples" from D:\project\pipowers\skills\test-driven-development\reference\examples.md: ENOENT: no such file or directory, open 'D:\project\pipowers\skills\test-driven-development\reference\examples.md'
2026-06-23T10:09:38 [WARN] Failed to load reference "tdd-when-stuck" from D:\project\pipowers\skills\test-driven-development\reference\when-stuck.md: ENOENT: no such file or directory, open 'D:\project\pipowers\skills\test-driven-development\reference\when-stuck.md'
2026-06-23T10:09:38 [WARN] Failed to load reference "debug-rationalizations" from D:\project\pipowers\skills\systematic-debugging\reference\rationalizations.md: ENOENT: no such file or directory, open 'D:\project\pipowers\skills\systematic-debugging\reference\rationalizations.md'
2026-06-23T10:09:38 [WARN] Failed to load reference "debug-tracing" from D:\project\pipowers\skills\systematic-debugging\root-cause-tracing.md: ENOENT: no such file or directory, open 'D:\project\pipowers\skills\systematic-debugging\root-cause-tracing.md'
2026-06-23T10:09:38 [WARN] Failed to load reference "debug-defense-in-depth" from D:\project\pipowers\skills\systematic-debugging\defense-in-depth.md: ENOENT: no such file or directory, open 'D:\project\pipowers\skills\systematic-debugging\defense-in-depth.md'
2026-06-23T10:09:38 [WARN] Failed to load reference "debug-condition-waiting" from D:\project\pipowers\skills\systematic-debugging\condition-based-waiting.md: ENOENT: no such file or directory, open 'D:\project\pipowers\skills\systematic-debugging\condition-based-waiting.md'
2026-06-23T10:09:43 [WARN] Failed to determine git ref in C:\Users\user\AppData\Local\Temp\wfm-test-Q62NzU: Command failed: git branch --show-current
2026-06-23T10:09:43 [WARN] Failed to determine git ref in C:\Users\user\AppData\Local\Temp\wfm-test-ykSQs7: Command failed: git branch --show-current
2026-06-23T10:09:43 [WARN] Failed to determine git ref in C:\Users\user\AppData\Local\Temp\wfm-test-FCK2gv: Command failed: git branch --show-current
2026-06-23T10:09:43 [WARN] Failed to determine git ref in C:\Users\user\AppData\Local\Temp\wfm-test-jR97Cm: Command failed: git branch --show-current
2026-06-23T10:09:44 [WARN] Failed to determine git ref in C:\Users\user\AppData\Local\Temp\wfm-test-wAbOsL: Command failed: git branch --show-current
2026-06-23T10:09:44 [WARN] Failed to determine git ref in C:\Users\user\AppData\Local\Temp\wfm-test-3hXJkc: Command failed: git branch --show-current
2026-06-23T10:09:45 [WARN] Failed to determine git ref in C:\Users\user\AppData\Local\Temp\wfm-test-mU0qx1: Command failed: git branch --show-current
2026-06-23T10:09:48 [WARN] Failed to determine git ref in C:\Users\user\AppData\Local\Temp\wfm-test-CPhglq: Command failed: git branch --show-current
2026-06-23T10:09:48 [WARN] Failed to read C:\Users\user\AppData\Local\Temp\wfm-test-Dc8Ddc\.pi\pipowers-state.json: Unexpected token 'o', "not valid json{{{" is not valid JSON
2026-06-23T10:09:48 [ERROR] Failed to parse C:\Users\user\AppData\Local\Temp\pipowers-home-wlB1p3\.pi\agent\pipowers.toml: Invalid TOML document: only letter, numbers, dashes and underscores are allowed in keys

1:  this is = not valid toml [[[
    ^
. Using defaults.
2026-06-23T10:09:48 [WARN] Detected legacy `pi-superpowers-plus` config key in C:\Users\user\AppData\Local\Temp\pipowers-home-2UMSau\.pi\agent\config.json. pipowers uses its own TOML config files. Run /pipwr_config to set up the new config.
2026-06-23T10:09:48 [WARN] Failed to determine git ref in C:\Users\user\AppData\Local\Temp\wfm-test-Wab0PK: Command failed: git branch --show-current
2026-06-23T10:09:51 [WARN] Failed to determine git ref in C:\Users\user\AppData\Local\Temp\wfm-test-FbUWJF: Command failed: git branch --show-current
2026-06-23T10:09:54 [WARN] Failed to determine git ref in D:\project\pipowers: not a repo
2026-06-23T10:09:57 [WARN] Failed to determine git ref in D:\project\pipowers: not a git repo
2026-06-24T01:19:39 [WARN] Failed to determine git ref in C:\Users\user\.config\git: Command failed: git branch --show-current
2026-07-01T03:40:28 [WARN] Failed to determine git ref in D:\project\desktop: Command failed: git branch --show-current
2026-07-07T02:22:32 [WARN] Failed to determine git ref in C:\Users\user\AppData\Local\pnpm\global\v11\d9a3500643b2e739a8dcac5a3148be322c74849dc7b7b845c789cab54525de4d: Command failed: git branch --show-current
2026-07-10T01:34:46 [WARN] Failed to persist state file: UNKNOWN: unknown error, open 'D:\ProjectWeb\backend\.pi\superpowers-state.json'
2026-07-16T01:19:14 [WARN] Failed to determine git ref in D:\project\commandcode-proxy: Command failed: git branch --show-current
2026-07-16T01:35:03 [WARN] Failed to determine git ref in D:\project\commandcode-proxy: Command failed: git branch --show-current
